user_id,card_number,expiry_date,cvv
0,,,
1,,,
2,,,
3,,,
4,,,
5,,,
6,,,
7,,,
8,,,
9,,,
10,,,
11,,,
12,,,
13,,,
14,,,
15,,,
16,,,
17,,,
18,,,
19,,,
20,,,
21,,,
22,,,
23,,,
24,,,
25,,,
26,,,
27,,,
28,,,
29,,,
30,,,
31,,,
32,,,
33,,,
34,,,
35,,,
36,,,
37,,,
38,,,
39,,,
40,,,
41,,,
42,,,
43,,,
44,,,
45,,,
46,,,
47,,,
48,,,
49,,,
50,,,
51,,,
52,,,
53,,,
54,,,
55,,,
56,,,
57,,,
58,,,
59,,,
60,,,
61,,,
62,,,
63,,,
64,,,
65,,,
66,,,
67,,,
68,,,
69,,,
70,,,
71,,,
72,,,
73,,,
74,,,
75,,,
76,,,
77,,,
78,,,
79,,,
80,,,
81,,,
82,,,
83,,,
84,,,
85,,,
86,,,
87,,,
88,,,
89,,,
90,,,
91,,,
92,,,
93,,,
94,,,
95,,,
96,,,
97,,,
98,,,
99,,,
100,,,
101,,,
102,,,
103,,,
104,,,
105,,,
106,,,
107,,,
108,,,
109,,,
110,,,
111,,,
112,,,
113,,,
114,,,
115,,,
116,,,
117,,,
118,,,
119,,,
120,,,
121,,,
122,,,
123,,,
124,,,
125,,,
126,,,
127,,,
128,,,
129,,,
130,,,
131,,,
132,,,
133,,,
134,,,
135,,,
136,,,
137,,,
138,,,
139,,,
140,,,
141,,,
142,,,
143,,,
144,,,
145,,,
146,,,
147,,,
148,,,
149,,,
150,,,
151,,,
152,,,
153,,,
154,,,
155,,,
156,,,
157,,,
158,,,
159,,,
160,,,
161,,,
162,,,
163,,,
164,,,
165,,,
166,,,
167,,,
168,,,
169,,,
170,,,
171,,,
172,,,
173,,,
174,,,
175,,,
176,,,
177,,,
178,,,
179,,,
180,,,
181,,,
182,,,
183,,,
184,,,
185,,,
186,,,
187,,,
188,,,
189,,,
190,,,
191,,,
192,,,
193,,,
194,,,
195,,,
196,,,
197,,,
198,,,
199,,,
200,,,
201,,,
202,,,
203,,,
204,,,
205,,,
206,,,
207,,,
208,,,
209,,,
210,,,
211,,,
212,,,
213,,,
214,,,
215,,,
216,,,
217,,,
218,,,
219,,,
220,,,
221,,,
222,,,
223,,,
224,,,
225,,,
226,,,
227,,,
228,,,
229,,,
230,,,
231,,,
232,,,
233,,,
234,,,
235,,,
236,,,
237,,,
238,,,
239,,,
240,,,
241,,,
242,,,
243,,,
244,,,
245,,,
246,,,
247,,,
248,,,
249,,,
250,,,
251,,,
252,,,
253,,,
254,,,
255,,,
256,,,
257,,,
258,,,
259,,,
260,,,
261,,,
262,,,
263,,,
264,,,
265,,,
266,,,
267,,,
268,,,
269,,,
270,,,
271,,,
272,,,
273,,,
274,,,
275,,,
276,,,
277,,,
278,,,
279,,,
280,,,
281,,,
282,,,
283,,,
284,,,
285,,,
286,,,
287,,,
288,,,
289,,,
290,,,
291,,,
292,,,
293,,,
294,,,
295,,,
296,,,
297,,,
298,,,
299,,,
300,,,
301,,,
302,,,
303,,,
304,,,
305,,,
306,,,
307,,,
308,,,
309,,,
310,,,
311,,,
312,,,
313,,,
314,,,
315,,,
316,,,
317,,,
318,,,
319,,,
320,,,
321,,,
322,,,
323,,,
324,,,
325,,,
326,,,
327,,,
328,,,
329,,,
330,,,
331,,,
332,,,
333,,,
334,,,
335,,,
336,,,
337,,,
338,,,
339,,,
340,,,
341,,,
342,,,
343,,,
344,,,
345,,,
346,,,
347,,,
348,,,
349,,,
350,,,
351,,,
352,,,
353,,,
354,,,
355,,,
356,,,
357,,,
358,,,
359,,,
360,,,
361,,,
362,,,
363,,,
364,,,
365,,,
366,,,
367,,,
368,,,
369,,,
370,,,
371,,,
372,,,
373,,,
374,,,
375,,,
376,,,
377,,,
378,,,
379,,,
380,,,
381,,,
382,,,
383,,,
384,,,
385,,,
386,,,
387,,,
388,,,
389,,,
390,,,
391,,,
392,,,
393,,,
394,,,
395,,,
396,,,
397,,,
398,,,
399,,,
400,,,
401,,,
402,,,
403,,,
404,,,
405,,,
406,,,
407,,,
408,,,
409,,,
410,,,
411,,,
412,,,
413,,,
414,,,
415,,,
416,,,
417,,,
418,,,
419,,,
420,,,
421,,,
422,,,
423,,,
424,,,
425,,,
426,,,
427,,,
428,,,
429,,,
430,,,
431,,,
432,,,
433,,,
434,,,
435,,,
436,,,
437,,,
438,,,
439,,,
440,,,
441,,,
442,,,
443,,,
444,,,
445,,,
446,,,
447,,,
448,,,
449,,,
450,,,
451,,,
452,,,
453,,,
454,,,
455,,,
456,,,
457,,,
458,,,
459,,,
460,,,
461,,,
462,,,
463,,,
464,,,
465,,,
466,,,
467,,,
468,,,
469,,,
470,,,
471,,,
472,,,
473,,,
474,,,
475,,,
476,,,
477,,,
478,,,
479,,,
480,,,
481,,,
482,,,
483,,,
484,,,
485,,,
486,,,
487,,,
488,,,
489,,,
490,,,
491,,,
492,,,
493,,,
494,,,
495,,,
496,,,
497,,,
498,,,
499,,,
500,,,
501,,,
502,,,
503,,,
504,,,
505,,,
506,,,
507,,,
508,,,
509,,,
510,,,
511,,,
512,,,
513,,,
514,,,
515,,,
516,,,
517,,,
518,,,
519,,,
520,,,
521,,,
522,,,
523,,,
524,,,
525,,,
526,,,
527,,,
528,,,
529,,,
530,,,
531,,,
532,,,
533,,,
534,,,
535,,,
536,,,
537,,,
538,,,
539,,,
540,,,
541,,,
542,,,
543,,,
544,,,
545,,,
546,,,
547,,,
548,,,
549,,,
550,,,
551,,,
552,,,
553,,,
554,,,
555,,,
556,,,
557,,,
558,,,
559,,,
560,,,
561,,,
562,,,
563,,,
564,,,
565,,,
566,,,
567,,,
568,,,
569,,,
570,,,
571,,,
572,,,
573,,,
574,,,
575,,,
576,,,
577,,,
578,,,
579,,,
580,,,
581,,,
582,,,
583,,,
584,,,
585,,,
586,,,
587,,,
588,,,
589,,,
590,,,
591,,,
592,,,
593,,,
594,,,
595,,,
596,,,
597,,,
598,,,
599,,,
600,,,
601,,,
602,,,
603,,,
604,,,
605,,,
606,,,
607,,,
608,,,
609,,,
610,,,
611,,,
612,,,
613,,,
614,,,
615,,,
616,,,
617,,,
618,,,
619,,,
620,,,
621,,,
622,,,
623,,,
624,,,
625,,,
626,,,
627,,,
628,,,
629,,,
630,,,
631,,,
632,,,
633,,,
634,,,
635,,,
636,,,
637,,,
638,,,
639,,,
640,,,
641,,,
642,,,
643,,,
644,,,
645,,,
646,,,
647,,,
648,,,
649,,,
650,,,
651,,,
652,,,
653,,,
654,,,
655,,,
656,,,
657,,,
658,,,
659,,,
660,,,
661,,,
662,,,
663,,,
664,,,
665,,,
666,,,
667,,,
668,,,
669,,,
670,,,
671,,,
672,,,
673,,,
674,,,
675,,,
676,,,
677,,,
678,,,
679,,,
680,,,
681,,,
682,,,
683,,,
684,,,
685,,,
686,,,
687,,,
688,,,
689,,,
690,,,
691,,,
692,,,
693,,,
694,,,
695,,,
696,,,
697,,,
698,,,
699,,,
700,,,
701,,,
702,,,
703,,,
704,,,
705,,,
706,,,
707,,,
708,,,
709,,,
710,,,
711,,,
712,,,
713,,,
714,,,
715,,,
716,,,
717,,,
718,,,
719,,,
720,,,
721,,,
722,,,
723,,,
724,,,
725,,,
726,,,
727,,,
728,,,
729,,,
730,,,
731,,,
732,,,
733,,,
734,,,
735,,,
736,,,
737,,,
738,,,
739,,,
740,,,
741,,,
742,,,
743,,,
744,,,
745,,,
746,,,
747,,,
748,,,
749,,,
750,,,
751,,,
752,,,
753,,,
754,,,
755,,,
756,,,
757,,,
758,,,
759,,,
760,,,
761,,,
762,,,
763,,,
764,,,
765,,,
766,,,
767,,,
768,,,
769,,,
770,,,
771,,,
772,,,
773,,,
774,,,
775,,,
776,,,
777,,,
778,,,
779,,,
780,,,
781,,,
782,,,
783,,,
784,,,
785,,,
786,,,
787,,,
788,,,
789,,,
790,,,
791,,,
792,,,
793,,,
794,,,
795,,,
796,,,
797,,,
798,,,
799,,,
800,,,
801,,,
802,,,
803,,,
804,,,
805,,,
806,,,
807,,,
808,,,
809,,,
810,,,
811,,,
812,,,
813,,,
814,,,
815,,,
816,,,
817,,,
818,,,
819,,,
820,,,
821,,,
822,,,
823,,,
824,,,
825,,,
826,,,
827,,,
828,,,
829,,,
830,,,
831,,,
832,,,
833,,,
834,,,
835,,,
836,,,
837,,,
838,,,
839,,,
840,,,
841,,,
842,,,
843,,,
844,,,
845,,,
846,,,
847,,,
848,,,
849,,,
850,,,
851,,,
852,,,
853,,,
854,,,
855,,,
856,,,
857,,,
858,,,
859,,,
860,,,
861,,,
862,,,
863,,,
864,,,
865,,,
866,,,
867,,,
868,,,
869,,,
870,,,
871,,,
872,,,
873,,,
874,,,
875,,,
876,,,
877,,,
878,,,
879,,,
880,,,
881,,,
882,,,
883,,,
884,,,
885,,,
886,,,
887,,,
888,,,
889,,,
890,,,
891,,,
892,,,
893,,,
894,,,
895,,,
896,,,
897,,,
898,,,
899,,,
900,,,
901,,,
902,,,
903,,,
904,,,
905,,,
906,,,
907,,,
908,,,
909,,,
910,,,
911,,,
912,,,
913,,,
914,,,
915,,,
916,,,
917,,,
918,,,
919,,,
920,,,
921,,,
922,,,
923,,,
924,,,
925,,,
926,,,
927,,,
928,,,
929,,,
930,,,
931,,,
932,,,
933,,,
934,,,
935,,,
936,,,
937,,,
938,,,
939,,,
940,,,
941,,,
942,,,
943,,,
944,,,
945,,,
946,,,
947,,,
948,,,
949,,,
950,,,
951,,,
952,,,
953,,,
954,,,
955,,,
956,,,
957,,,
958,,,
959,,,
960,,,
961,,,
962,,,
963,,,
964,,,
965,,,
966,,,
967,,,
968,,,
969,,,
970,,,
971,,,
972,,,
973,,,
974,,,
975,,,
976,,,
977,,,
978,,,
979,,,
980,,,
981,,,
982,,,
983,,,
984,,,
985,,,
986,,,
987,,,
988,,,
989,4498614110606620,02/33,269
990,,,
991,,,
992,,,
993,,,
994,,,
995,,,
996,,,
997,,,
998,,,
999,,,
265,180089477036417,12/24,700
252,6011778107980885,07/29,5138
261,2238132078539708,11/32,600
785,3558294655173598,09/28,633
999,213121411110866,06/25,006
100,4319190458477087,09/25,388
9,4000495107852,03/33,492
343,6011047009169439,09/31,910
262,340859517921811,01/28,063
902,4119500037274,01/34,343
832,3570241269128033,11/28,420
490,4957572360797198,02/30,256
784,180052024044037,06/25,779
619,4628540806308,05/31,313
672,4674108742808635,04/29,391
228,3596219179720008,01/29,814
605,4473147776522061,11/28,097
689,4319518547787571,04/29,376
357,2714114818093264,02/28,437
44,379774100962441,05/29,850
17,30286303320526,10/24,817
110,5146092467156981,01/34,295
280,30411537688791,04/30,929
315,4702204917568813253,02/32,848
776,4849962171101064,09/28,118
321,6011500314179980,12/26,159
699,3553319539549948,10/25,458
802,4421813063087448,06/24,717
879,213101774017775,07/24,593
243,6011989720364080,05/29,720
349,6011327253816186,09/29,853
666,4552468779216,02/30,036
749,2279827947329260,11/28,724
345,30155250473622,02/31,925
564,501851254174,01/30,411
318,4804347380082,07/24,629
317,2299777309732245,11/27,1637
105,4131170206867165,05/32,7331
25,501878855631,10/25,476
313,4620016409780585333,06/29,399
43,501817231944,10/28,162
687,4742923055621,11/33,050
845,373427604931927,02/25,234
840,213191057603946,08/33,250
857,376050131036825,02/31,836
58,4357171965107808,06/32,635
810,3543816261247602,06/30,708
952,3518413839440272,08/26,478
27,4724531312875827,04/25,321
883,4846875884209,01/28,268
862,4123890854363,10/24,942
147,577868407005,04/24,660
513,349783868277592,07/31,417
574,4953440865440355,03/24,3826
10,3549446978575782,07/27,562
899,30285022084546,11/26,7758
295,213128432182550,07/27,435
841,3570244587561679,10/24,812
838,4602172782401450,04/32,295
549,501856416737,05/31,823
299,372543067291376,12/24,4986
950,675974217068,05/32,303
947,3502947600503121,04/31,036
71,4787306290435686056,03/26,1869
652,30249521565223,08/32,964
224,4160612045466,02/28,1821
951,676367870422,05/33,113
344,4980076615916422,09/24,629
186,4095265745769601,09/28,458
925,30535461430018,05/30,434
915,4547851094779285,08/30,903
657,344513627667709,07/29,301
936,2661194822944812,09/24,314
681,3527838963826988,05/26,122
445,4122904941703454637,06/31,1313
515,213164946472237,05/25,710
153,4200616733312826625,07/30,926
525,4691472310509068270,07/32,557
517,4885102595808,06/26,932
761,4550944817897627,12/25,093
753,3599406341351500,01/31,303
119,371686341927496,11/32,095
462,3580529867724130,12/25,822
740,4584563475206747,05/30,105
352,213141768531472,08/27,074
242,566088768791,10/31,1924
895,213157643119499,05/26,185
181,30237355307473,02/30,407
873,30044768446314,10/29,4534
11,3540283389031413,09/28,847
835,6522932058100157,07/27,181
455,6011510587032832,01/25,578
648,36512984055105,06/27,250
625,180065223754578,09/29,803
188,213120262918054,08/30,882
303,5432473601494715,02/32,597
485,213140344795213,07/26,827
742,4225484040369178918,05/27,181
506,3582836654310983,08/24,307
82,5320385027115747,08/30,578
815,373530772166828,02/31,005
986,38302851282042,05/28,924
48,348190719736696,04/25,350
269,4716766890824192418,09/30,984
230,6011828323099067,04/27,949
533,503897950112,12/27,905
557,6011688923323113,10/25,078
336,213140454151744,10/24,218
813,3561445285713089,04/25,086
443,4338650684210,04/29,815
848,6011091565727644,07/29,321
138,3576518568618473,06/26,513
292,4188090894097,06/24,366
938,4267429398550823,01/34,415
258,348629211871154,03/29,289
92,4734988916290267965,02/31,817
632,4968457490237,06/26,4071
247,376683436394869,09/24,308
137,180031272786846,02/34,601
590,180067833052955,10/31,149
577,2226518858712479,12/30,0869
93,180034399758128,04/24,298
709,213195249226839,03/30,905
234,4768924571205264,04/24,304
777,38263372187096,10/25,137
583,6575497372976852,01/32,649
823,582396324631,12/26,863
961,4971698077503009,08/33,298
920,588990455267,07/31,307
662,30246143115932,12/27,418
930,675975933648,05/33,016
307,2260128527060891,06/27,260
311,4841295034956,11/33,198
592,4857753673812,05/29,295
144,213155833608271,03/24,525
143,4618393640532020560,11/26,246
146,372763342640706,11/29,0699
502,2236344767617032,04/32,839
690,4137068290236012,05/24,623
795,2357057625319152,03/32,589
826,4462633386355979,07/31,331
981,2599242349033887,09/24,260
650,4745274997871134260,02/32,724
325,4785606247790036468,12/31,111
206,4505994898745120146,12/31,0310
427,213140903024682,03/28,734
304,2226569697062816,01/29,589
131,30376520284389,09/31,170
259,6504235273354191,10/31,385
831,3584396612603811,05/26,466
527,2223747453138888,09/29,2228
971,30438207878865,02/29,470
91,4405121741257,01/29,051
544,30454976211857,02/27,558
808,213186516710332,02/28,374
946,4579328140019252517,11/28,167
223,4907057630889505,03/30,976
75,341929006562316,09/25,4549
26,4993544989090,10/32,142
81,340468551811068,12/30,496
89,3548562510660667,02/25,770
434,3546830321869187,07/33,604
326,6546164022162012,05/33,033
19,378832179325048,04/24,011
167,676327432388,08/28,150
95,4855347902067316,11/29,229
636,3564598509490541,02/26,476
628,4722723788537587579,11/25,3958
57,341341484648767,08/31,416
552,4265359516586544,01/25,085
56,213118815274215,08/25,341
172,4260617790383642144,11/28,012
717,565168406074,07/28,765
141,4874501063456448,01/33,476
114,4241726056826044,11/29,629
154,30526809314600,12/31,089
693,3533735605818260,07/27,338
400,579706303339,07/28,144
491,4444507339246,09/30,941
39,4365756924592015,02/25,465
797,3588638161785309,01/31,867
614,349861015655561,03/28,535
706,30555161356313,10/31,095
865,180080916434057,01/34,289
170,4243709738498,07/27,381
404,3543812206413490,03/28,913
847,4909151841762,06/32,234
214,4845124935630,09/26,0376
980,4845239023132,03/24,618
450,6528220043461544,04/28,990
444,3519164848480853,01/25,544
217,3574357543375749,04/33,395
78,501838445101,12/28,730
178,4486232632437,07/24,500
553,4653603005826935563,04/31,608
196,3504328443298856,08/31,992
70,4411790128477347,04/29,452
212,341655062622609,04/29,869
347,6529508586353717,04/24,875
663,36487636272384,11/30,944
17,3537759449251799,11/33,4703
941,4447358237906,08/24,4128
588,379107065536977,05/25,618
367,4590429243603213,08/33,597
201,4871319848479,06/28,271
149,4729960171940,07/32,364
535,4617427146820339,08/25,6531
336,3556377087956094,01/33,3690
727,340777309007161,03/33,233
541,3576914665473823,12/29,273
237,3565311540092154,01/33,623
791,4358787362887160,07/32,796
342,30377054682717,06/30,494
953,4634925699588202,06/24,883
7,6011869751565864,03/32,700
66,6011497490879444,03/33,102
299,4591584953636,10/25,365
914,213147161721420,07/24,698
604,4202346225237622208,05/26,666
638,5310285333694298,11/30,196
784,3548254263888725,09/30,318
174,2552821108522761,08/32,769
212,3541049684600296,03/29,657
643,6524186151889087,05/28,572
390,4898641462344621,08/32,476
925,30461212632416,10/25,565
474,3552247453064159,04/33,691
570,3560029552952470,04/27,269
996,6531609175438053,08/30,847
343,3542427752925119,06/26,994
797,3599228108119544,03/26,715
135,4179062707085160,12/27,0189
296,3558608517185567,03/26,940
814,370508034576136,09/27,156
366,4196510666495787,09/24,2120
819,4223181792767,09/27,889
497,4056091170227197,01/30,330
491,3536369686174208,09/30,376
392,180061357182769,10/33,585
881,3546795594844953,02/27,097
110,3538996157328281,08/30,2554
909,4269356527048353,01/32,045
196,4522744631929605,05/29,672
737,676328433609,02/27,670
454,060402506558,01/29,610
326,6011091759713160,04/26,935
5,2720674308118543,02/28,153
165,370144821210281,11/32,683
359,3596637265887037,06/27,548
698,574302497114,06/28,859
641,30348304603456,02/26,9789
416,180058197162654,01/33,2984
894,370347730937544,05/31,987
150,6011804303658875,10/29,331
747,6557142657956706,03/34,2720
809,4647438617415615795,03/28,225
82,180094516374175,07/25,305
188,4382381005626,04/30,896
374,4460294636526257,01/30,997
472,2705255875015517,07/26,227
853,5467430523327546,03/34,876
546,6011442824693277,02/33,306
313,6585500789924924,07/31,065
71,6530369664715914,09/29,206
520,213134849492004,11/26,134
106,30585095002238,06/29,936
156,4353349562395394685,09/33,847
114,4834785017907544,03/33,963
426,30478600593646,05/26,383
865,587279472399,05/27,182
601,3541547127504496,12/33,646
455,4821446515997762624,03/25,084
806,676251335425,07/29,511
935,213147435317682,05/24,277
999,6011741745825508,09/28,027
589,503821805960,05/32,664
465,503810556475,02/26,548
290,6576607010495045,04/31,540
705,3592959638321005,05/31,320
423,4558744602242612510,02/26,684
987,372936587218103,01/32,072
720,30186016876469,10/33,584
564,3580844759267506,03/29,897
102,4776455252847429444,06/25,316
926,213139594424078,04/29,200
327,340791861036682,01/31,904
484,4813713994816787281,05/27,092
563,060434768317,10/30,020
107,503882556924,09/31,912
681,213143471459140,06/30,950
581,4019078384271083,12/25,4402
263,4347489529183824670,11/31,463
552,4489784395647671,06/28,481
585,3501675504359321,08/28,8799
969,4617475106036827895,09/27,824
640,346804575554934,08/28,887
55,371196639072898,07/28,538
204,676381859617,07/30,056
923,30217816012714,05/30,097
514,4400800451796065,01/27,677
0,3571568063114630,11/28,992
769,30019660796149,11/32,2966
500,503867987920,06/27,304
170,4122703736031,07/33,209
975,4380962867131644,12/25,292
199,6011155352759639,10/33,641
526,3557804669995132,10/32,602
127,4941840399838567379,01/28,332
262,4689315382105510,11/27,784
882,4105591889979724,04/31,588
300,5382260840926825,11/29,185
728,4923757072441984,03/30,669
9,3577176257067426,06/24,7860
756,2720317317797465,03/31,541
956,6011456515020269,07/26,7107
316,4525277206200323,07/25,856
990,4713990916466,05/29,125
954,180069304622167,05/30,668
380,4038235387584774,10/26,443
166,630496924857,11/26,110
518,349595396381427,03/33,934
561,060483270850,11/30,776
41,502043025977,06/30,857
721,6563351844291974,09/25,704
309,346466730841349,04/30,258
145,501864153512,06/25,553
14,375328008623805,11/27,447
991,6011480904864244,05/28,948
448,2702902938763392,11/29,289
153,3553448381455241,01/25,263
900,4854894645353,08/31,156
877,30032915482134,11/33,019
67,30145571320651,07/29,352
99,371248102265689,10/30,131
700,6579850903887566,07/32,932
733,4085308326532840,06/26,321
178,373971473977966,02/26,919
730,3589520371460833,12/27,280
49,2644584253638887,01/33,051
833,676280727733,12/29,264
738,4537437759382549625,10/33,3312
544,38449807211524,10/32,5056
517,3529941428501408,03/29,012
502,503868327225,04/27,143
731,6515823772963104,12/28,610
379,4059536521029632,07/31,001
567,2707836550436389,12/31,003
105,639018721451,08/29,317
694,4872871022107,02/34,585
250,4733269202040787525,02/28,566
499,4270755184204372,06/30,7148
962,4972080770486,08/25,212
739,340487689002366,05/30,0380
95,180040474030804,08/27,518
139,6011970333715959,09/25,297
210,6554493762332736,03/24,296
539,4848826353254499,08/32,235
240,2412509791918269,11/31,648
832,4505959151535,03/30,241
254,4499597001048797,09/28,787
453,30116701905711,06/30,207
419,3534881565399609,12/25,955
311,3507271025637199,10/28,742
808,3522258414933777,05/28,037
523,3566598137508407,04/31,731
591,6011740306148250,12/31,610
672,6596305126580851,08/26,885
776,4542746288221,12/26,439
548,213108156561817,12/27,7574
629,3597780914265954,10/24,450
111,4943170809492,11/31,830
198,3560265062547620,10/30,893
206,180006240648757,11/28,346
74,3550516227611848,09/26,570
274,370763979031056,01/32,069
844,6582135869617669,06/24,332
603,676255978410,09/31,732
291,213111023176983,01/29,360
690,4414682869531,06/30,246
748,4160439930015,04/26,451
129,3586890467971644,02/26,904
2,6011486114517498,03/30,358
537,3572745968701245,05/27,816
761,180085241577579,02/31,230
447,676153390916,10/32,351
121,676314193126,11/28,010
995,4538226571628142,09/33,096
276,180005783383681,09/26,165
417,4623303021283327,04/31,502
130,3583888531932298,02/29,086
961,502024920436,05/28,518
134,639099257219,02/33,025
58,180082070063318,08/31,534
73,3529539940584686,12/27,367
666,4679599531052507,09/31,373
767,30112771176531,08/26,7546
29,3501308833455038,08/26,301
533,4032863559620385,09/27,075
724,2431145622634739,05/27,880
901,4421297696466510,05/33,076
360,3521785011292778,08/26,320
441,577336151409,10/28,265
376,36554755761396,10/31,412
443,344915395570439,12/31,088
106,6513328750862072,08/29,581
766,3549432038251176,01/31,362
677,3564714789155544,05/28,463
86,3580172846776226,05/29,789
83,4029639484029837424,09/32,762
239,342889702156269,01/34,611
296,4039290732377589,02/26,205
558,373331212048092,05/28,948
620,4127710929583411,07/24,911
428,4052555018826547,11/27,112
516,4786723917951,01/30,766
981,4070904130805252,12/27,773
545,347878080699953,11/31,588
204,4439586889442,09/30,6566
960,4865392546229634126,08/32,676
779,180023462076906,04/26,570
804,3583976396661217,04/26,4232
636,4493097039328,11/31,1404
432,3514746317400563,05/31,413
742,676262095919,04/33,860
388,3544418537222144,08/33,593
422,30382447687290,09/32,863
384,4392053612638633862,12/29,765
231,4810526647415,02/27,803
640,4613657376725,09/29,263
953,371756114954504,11/33,271
843,4462676932011331,01/33,202
261,630436763308,10/28,614
435,3595122997043341,07/27,953
887,371180218076819,08/30,435
331,213188549240139,07/25,4497
878,30006462722241,03/31,889
718,180078492757289,09/31,202
783,4040044095719351512,11/28,440
359,584341582222,08/24,243
928,30318203164538,02/30,503
649,6011768591539990,06/31,587
218,38864156135530,10/32,769
419,3570542212923846,05/32,741
193,4016527880522,06/31,569
116,4971229262022132,04/25,819
226,6529124494266650,01/30,7297
635,4670705641910943,10/26,134
968,2229574361574663,11/30,232
252,30175622599045,06/25,236
315,3536733773867166,07/24,927
114,3551128459432288,05/32,7994
401,2706411540666205,04/28,161
557,3571397035319295,10/29,309
244,3547756653009671,01/30,725
260,4614381362859989,07/32,408
136,4340440235589115,11/25,960
78,4538458961831,09/26,486
253,6556680283464711,12/32,707
786,4068739572780785,07/24,952
984,3558281048533562,05/30,639
888,2228109298152670,07/29,697
549,4223732302736,10/27,435
274,3555283449734529,05/31,299
842,3574796163697207,11/24,087
495,3587640941524025,12/32,527
61,3526168887459729,10/33,505
951,3528916647026008,01/26,504
869,4524085293167771561,04/28,554
196,6538494110245548,02/31,772
90,574426248690,03/30,725
578,340099373737858,02/31,263
856,3568985026713735,11/25,225
459,3597922276132790,06/32,3667
11,213170852444318,06/32,5836
517,3559166563343415,03/31,625
149,2717012752111893,03/27,412
328,4929394560345016,12/26,215
452,348513870573196,02/33,279
954,2703955571907626,01/31,582
990,3546608431102958,09/28,3531
891,3555966948594796,11/30,720
731,344892319774563,08/33,118
875,2562687008821837,05/24,201
700,4956300565046265,06/31,632
95,2283755932922969,11/28,933
838,6011465794277730,09/33,272
81,4924536675493512,05/33,549
259,6572288502436930,08/31,399
122,4408030271598747,11/26,183
108,4974917919039,04/33,446
717,6530462765973944,10/26,256
971,639029148884,12/26,8986
333,375950954757061,09/32,631
269,4697264288564110212,07/31,948
561,4195826797528,04/30,064
702,213164534181265,04/28,9677
19,180053479645021,07/25,659
350,6559203197289996,10/29,050
165,180080874206976,11/24,285
910,2259855842698616,05/32,112
608,5260213542027134,08/30,575
389,4018222424010,02/29,860
453,4494425638857098,12/30,5120
830,3531799874960718,05/30,259
696,4180275215164,01/29,844
172,4002718601126899426,05/28,636
335,6516014996690041,12/27,7012
982,3522003446407238,08/24,008
16,3579982104289040,09/26,4594
346,6543310181515994,06/28,450
290,180001233723980,12/24,298
970,4059592124530971,01/34,773
49,180071312709903,04/28,879
736,3522648857987415,09/29,3904
27,3596850579643679,01/26,806
530,4525303129702987,10/29,415
139,4216209391305066,04/27,331
716,4454298385325892,08/27,026
528,3577085899800963,05/27,818
421,3543076698290630,06/26,071
662,3592933603344425,11/25,569
67,3551261288864692,05/30,596
641,180049465677499,04/26,837
818,4793083559458012,03/27,076
834,6556011784783385,10/27,439
184,4217479036549,11/27,929
525,4089625792504364296,12/25,984
851,4529267385544,09/32,341
695,4740156663328399831,10/28,435
236,6548075657694772,10/29,661
593,4146064119277352405,06/24,4754
166,561854657518,12/29,407
594,213179238581149,08/24,393
871,4737290571446209027,11/24,858
195,213186771034063,02/34,787
175,4213116300752693572,03/26,195
823,6595883310831075,03/32,2509
944,4269193919698328916,12/26,049
906,4773773906862545978,06/27,255
732,345794375779008,05/32,301
573,4739329809221248,04/32,823
120,4618943367362,01/34,399
286,3502694258972063,02/34,760
619,180086143520667,10/30,1983
305,3509032625420859,04/33,4885
789,4261610114006705,05/25,969
934,30094224367034,03/33,837
837,38405842642438,11/33,693
957,4398751109491,02/26,572
798,376430501578335,04/29,259
463,4686319310407,11/25,694
310,4167649851011297336,05/24,944
741,6576794287851025,08/24,004
626,2253207763122265,11/28,8792
217,4279568372292971,12/33,660
82,30444661195861,03/28,8508
797,4861349625183231773,08/26,125
58,4175008260940580275,10/29,1639
408,3576178623025840,07/24,666
37,2411830396387739,03/24,851
25,4787301995676809,09/24,063
988,347887953680354,10/28,575
832,3531830274869181,01/28,100
442,4115034810329444,10/32,383
542,4264077019600,10/32,235
505,349212921290061,10/27,013
792,4477466329469810,07/32,683
446,213137852827719,05/33,365
334,503886206922,05/29,632
550,213191471182246,06/31,238
961,582233579496,03/25,995
979,342055527007224,07/27,081
884,6567818437604900,09/25,110
460,4748660532221744,09/27,383
808,4508646008919111469,10/30,796
405,30304385732201,09/27,740
726,4807465988693,03/26,5891
523,38096745725717,12/25,163
77,4081009344576425507,02/33,731
755,572379228511,08/24,468
378,4754284869664,01/31,983
985,4633629802170384,10/29,450
423,180085009461792,03/32,744
437,4437262189590,08/29,731
509,30413580169455,10/27,172
300,30275182458358,10/29,8232
756,4888435807742181,08/33,732
473,501886448452,02/33,8229
129,4462676529029563,07/30,472
575,2366103579032208,02/31,5564
365,676386377474,01/33,953
853,2230202680627387,03/33,950
66,3507033645533319,12/27,912
101,3538332480568130,07/29,062
190,5289548566445614,09/30,845
288,3547907630690865,08/27,332
46,379217379868766,10/27,379
492,30429443025999,11/27,843
243,3581742555269404,12/28,5752
760,060479271656,01/32,814
236,2386524866884058,05/33,836
558,4470680139812136467,08/25,067
828,4440500438175,12/28,472
189,4229880417200,12/24,644
873,4926681832665,09/29,644
946,6528230640871425,12/33,125
729,675923860851,10/28,417
400,4462642671236570,06/27,734
830,4270050629661,12/31,218
299,4078390127851008,11/32,902
145,6559801423317034,05/28,577
905,180045315672672,06/28,653
21,379965952656517,09/25,023
702,4010494276824914,09/32,762
537,675933709544,05/33,086
641,3561306602259364,11/24,340
751,676256866499,07/30,268
301,30162178536472,11/28,541
177,213169608329740,03/33,266
414,4460168190524414108,06/31,449
339,3512805379030387,01/27,808
375,3566577973293456,11/30,281
594,4424698734588909,10/33,419
810,3532500187056767,07/31,881
251,639087904327,02/34,660
241,2240632044201024,03/33,739
467,3535823078434001,01/33,936
580,4009300507188751711,09/29,238
988,30488513770843,05/33,854
551,6520342452531787,09/31,870
0,376582000432628,06/24,163
550,2244939839175321,02/26,547
648,3505969071225486,04/32,511
5,374352388802178,11/24,068
944,2712116912077129,06/31,369
749,3546206436524068,05/30,108
386,4481103846483714242,08/32,220
539,213164259745674,06/30,789
157,341905274024148,01/27,225
743,6569111358844285,06/33,591
428,374509812522264,09/29,126
216,4377068945052474,12/24,777
913,213114087278489,11/32,797
758,3543881048999537,01/30,5835
367,3512281296362776,07/33,624
364,4259809604116545,03/29,582
39,4901589546194972,05/25,560
292,4985406246858,06/25,698
78,377406954651224,01/27,464
794,676359582910,09/30,802
769,30463187039080,05/26,9376
52,36571473921409,06/30,3633
637,2280687924053482,12/25,536
883,344940564891283,12/31,278
246,4003073836011417,01/33,533
578,4788645624869858369,04/24,201
488,4505364516416536,12/24,871
892,4091664607779647,12/25,516
30,3516192823022393,08/32,586
712,630482037136,09/24,109
559,4259126715079607,07/28,129
521,4358246125163070,07/28,629
699,3547711178448672,10/26,895
651,3568309320146155,03/24,984
384,180042223032420,01/29,553
263,4087710289009070,01/32,743
363,6564845621318313,06/24,209
613,4364794588281,01/31,520
1,4092027212803773,10/28,770
16,4694532188550,07/27,672
654,371917910321245,03/30,205
723,375798859776102,08/30,920
607,4692841718580667,12/28,497
242,4259447042969,05/33,155
761,343287750413402,03/27,821
75,4453872339142024,09/30,080
12,3534876763924539,04/28,916
222,4588965235260,10/27,712
898,4281780474305031135,02/26,585
69,180093435927303,03/24,2837
983,213151746065865,04/30,359
965,30193493307141,05/30,449
431,4596175598109827,03/33,423
149,4878365698364851399,03/24,579
693,4834064225218676,02/28,577
132,2249672007540464,01/32,580
336,3505811232296867,08/29,319
610,6011283799271727,05/27,574
471,562227777389,02/26,442
60,36324779923483,02/30,380
636,4277738333240607,11/33,685
240,6011630937912689,04/27,023
489,2233853703704301,12/31,156
717,4936264094225874440,12/27,508
568,4302671864237958,04/32,195
323,4426146901380385,02/32,9132
808,213179305831393,04/30,603
155,30437128493770,10/24,586
880,4614823234128663,01/29,473
244,180005904021624,06/28,530
307,30195421444201,09/32,767
799,4206832185287828,09/24,814
638,4062844465827028,05/26,129
326,3542295591861625,10/24,492
869,4961681760046243618,02/26,474
50,4691916376003276,01/27,799
780,30569310427339,10/27,596
130,4766713849872669528,05/28,463
166,6517460415759231,10/27,092
845,6011276778193672,05/31,849
680,180017713566541,09/28,294
649,346100105709852,09/29,264
676,30373381367429,12/31,421
410,3578986498125554,02/25,240
255,342095413222032,07/28,483
439,3555490557506520,05/30,081
24,213145433649940,04/32,0992
513,2224236990175156,12/30,481
44,3526976977800853,09/32,954
560,4507191436070,05/30,713
887,6011857997540155,11/28,178
863,3588365401623385,04/33,333
129,2720369591179522,08/28,884
302,676220036930,06/33,385
265,4357325749337335,12/30,615
224,30505826781934,08/33,888
353,3596392669654670,11/26,281
247,503879845512,08/25,374
671,4988869344657,10/30,952
186,501864517765,12/27,8372
456,344593370898677,12/25,697
121,4996170673027768,08/30,693
926,4554020728936743875,08/33,784
683,568090966272,04/32,352
344,4259619245138067,09/29,428
629,5386023730208803,05/30,150
472,3536019378704149,02/30,541
259,3589173820298477,11/25,971
852,3500246195823248,12/29,389
658,4033916195460712,02/25,252
288,4905256055530,04/29,343
123,4650488468034527,05/33,783
918,4513932906363,12/31,888
665,4601022592713464,12/24,050
457,3535728317942542,08/33,198
686,372331637757690,03/27,463
652,2720905089596550,08/26,2874
150,6506631569105289,03/25,147
3,4089936294230934,06/31,205
630,4168258580408858,04/27,455
487,4064550976655612,10/31,013
562,6011511330471418,10/24,959
477,3585749598268026,07/27,656
510,4268610114965063688,05/31,293
522,2297075321442121,03/31,938
321,4988451776310669,12/30,450
924,3501505956580944,02/31,214
695,3515827550533119,11/28,835
312,676113214446,11/24,890
960,2720106154112338,08/31,208
862,3594921521391824,06/33,457
950,30395263659524,03/30,647
848,3528969375288233,01/28,952
88,4483541513929,06/30,962
441,180085022167657,08/32,552
100,6011625552368092,05/33,233
793,5446241383906337,04/29,863
572,3551754592083793,06/31,451
13,3558305558567833,07/24,173
71,3563845296393573,11/28,406
286,4025747969797686,03/29,832
742,370018263249884,07/31,1230
348,2680418701124478,12/27,928
474,4562335514696,05/29,361
836,30129039888756,10/31,659
504,4710270716756,08/25,579
503,213197395529792,11/24,965
800,3557379946901567,12/33,850
737,30088040008079,04/26,968
734,4463748858617273,09/31,241
971,2702019316704631,07/33,801
9,4511168442923545,09/29,568
426,4903953041754,04/33,152
527,4052316413530,12/28,115
831,5372777630660134,02/34,337
183,6553395157242803,09/24,864
476,3598532165379748,12/29,108
494,3527026509066463,08/30,461
870,4345905785986254,02/34,9265
408,3582460546990587,12/27,057
380,3599459991529966,08/25,7728
190,2348013570397745,12/33,049
624,4116084820794,04/33,677
721,6587749412460784,08/27,680
462,213129110938826,11/25,577
295,30169364507407,10/24,8650
231,4532554976010843497,10/32,7671
73,582076815064,02/28,109
985,4207277053562143,10/27,117
17,341005727980713,03/32,984
177,4708140878123957114,09/30,253
920,213122559354514,01/27,054
883,4222150220087359319,08/27,299
775,5282861568916194,11/28,031
758,4706956357765041,06/24,167
802,4022822246659295211,08/29,442
10,4973858867474342911,11/26,065
367,4167223794801134497,01/33,588
426,213104923336591,07/26,880
328,676303321340,12/24,334
938,3520215470507780,03/33,225
868,213132937329153,11/32,179
822,4564558962673601,05/25,697
458,3595911350015122,05/27,232
234,4198083440147,08/27,702
92,30243537541351,06/26,583
812,30573585659162,03/32,819
248,347733463969376,07/26,440
181,2720151133662649,10/33,1465
965,4326226111427393705,01/34,200
36,4765933029171203,03/26,002
264,4997185188527333,08/30,617
443,213119503725781,06/32,472
950,36397092061322,07/24,952
165,180021318759568,02/30,092
804,4448773538633862,11/30,013
360,6011474984649039,04/29,683
403,3565018314100945,03/29,720
31,344277184538899,01/30,493
166,3598813602950279,12/26,190
122,36961050403899,06/30,841
256,4298850059734589172,12/26,997
893,180093412077239,05/33,882
746,676350787583,11/31,489
382,180073966918251,04/29,157
424,4871294479318245,02/26,516
798,3567356237591685,05/33,576
66,4731390526159960,07/26,998
434,503897165893,08/27,488
776,30439976332290,06/25,270
984,6560502074826771,02/30,829
253,4416098277932871,12/31,1080
857,180065193723645,04/28,611
481,213113586174272,08/29,997
150,4767026023360039558,06/24,900
781,501872439218,03/26,454
192,4450210606615,01/33,0241
859,213188711819447,07/30,960
169,213164948894750,05/31,716
718,2704213436485274,09/32,3305
489,3566848150702712,10/24,085
132,4354210227374,11/33,6281
332,676186275233,11/27,277
947,3596283975455268,12/31,505
751,4002342741735670,12/30,818
42,2287078727369593,02/28,305
377,30227468103505,12/29,029
967,4675843730086435,11/31,756
13,3513377252640269,04/30,203
629,3574960067141478,03/26,167
856,180083145619365,04/27,799
508,3500491777556127,06/27,284
209,4796211591822621985,12/26,9598
742,4961413765868413,08/31,334
683,4331910125165,03/25,3902
454,2285757371265353,11/33,722
111,180098760430443,02/31,225
137,3520604792486205,10/28,291
530,3593862335382255,05/26,992
163,4703121098073386,10/27,335
233,4268884173361961,08/29,181
45,30416996994309,02/34,922
766,4299219477696,07/33,879
456,30362953771951,01/34,0445
173,3553541025983022,08/28,592
880,2267137520570395,07/27,415
546,6011340640282947,04/30,539
710,374182178980219,10/25,028
513,4962072941285634,08/24,768
869,213193669821346,03/28,218
34,566804409571,08/29,776
338,4410868228199382,03/30,557
628,4602475858500349,03/28,965
666,6516527139662809,08/30,343
270,4866523437141035,02/25,995
610,060478599859,10/27,290
353,4054823506145,08/27,909
903,30425733785177,03/29,348
932,2242401168720500,06/28,018
954,180095645718612,04/32,050
649,4652746629401257505,12/33,536
977,180047730795203,09/32,930
365,4454521558499,06/25,638
427,4256733571110261854,05/31,088
55,6563044172948006,03/25,380
183,213162646363466,07/31,924
172,4897361230451369665,05/26,900
346,4537353509692534399,06/33,244
655,372950116779915,12/24,603
662,4993881430765,07/25,514
581,38538868331948,07/25,222
208,4436357835760232,10/29,080
288,4706362489802481,10/27,603
797,3568235415383405,03/24,792
576,180058758360416,02/29,624
75,3517739847843763,11/32,630
490,3559788542206403,05/26,886
571,4341392586602,10/24,614
607,503800574744,03/29,229
100,676113123860,10/28,892
943,30107637973501,01/31,509
268,372315289524615,04/27,4713
391,4442897834791771,07/26,792
205,5243368605186631,11/31,657
723,6536776892935789,07/30,886
851,4659384306613819453,10/30,917
849,060461643524,09/33,975
753,4177376773330078916,08/27,749
914,4474028520381138,03/28,213
631,6594439750851379,03/24,791
796,4504649573513,07/32,258
327,5497290762355465,04/27,741
592,3528537514654399,06/27,326
783,3509591645880657,02/32,946
65,2271284240923670,04/26,166
806,3557626743531264,11/27,403
669,4460573664122457502,06/31,356
870,4782027620631,02/30,368
86,180016394468225,10/29,146
49,4659672036942987,09/28,374
35,6554483407202071,03/26,534
518,3537228867708193,04/26,377
833,213171715520906,01/34,363
71,3535928857380109,02/34,863
897,586756585871,12/30,370
418,180079724850215,06/27,1923
58,4514603138550282,02/27,922
636,4425310042421638,10/30,156
567,3527865998551323,02/29,167
493,349865774458059,06/28,260
745,3530480729877214,02/33,614
650,36489959029615,09/25,750
526,376889566759249,03/26,444
80,3514816607265495,03/25,639
178,4461084615483,04/26,149
371,30238559566534,05/28,971
124,4974811535905636912,10/26,369
6,4910018506077703,12/31,623
752,2266911791909065,08/27,732
345,30500406585110,12/32,261
961,4860529766803,09/26,507
134,3507117586395802,01/25,170
128,372557292102331,06/33,135
375,3544401152926611,02/34,178
1,2665700571550653,07/28,869
692,6011813160141206,03/30,804
641,4351090056972,05/26,8457
299,4611576028506602908,05/31,216
695,2720633456739815,03/30,310
728,4504413747657,10/25,931
273,4950480066847183,02/31,622
813,4038949905661,05/31,749
316,6547159094008407,07/28,769
926,4751007564745071,07/27,613
465,4175597953955,01/30,022
431,564143143043,03/25,361
714,630411465721,09/33,495
861,30301750727154,03/28,616
116,30384863847309,04/24,246
29,348463325121987,09/27,147
216,3565153078949029,09/25,552
444,180009405038533,08/31,791
278,3531505969602069,12/31,485
47,6525051846134720,12/25,4157
292,6011601082523563,09/32,377
847,3534000917322132,12/30,130
105,30185955820207,09/25,6971
963,4249641682431535,03/26,8561
747,30427106420721,03/30,254
928,2433201313349281,12/26,586
790,4679692616854,02/30,2454
193,6011442316444650,06/33,920
770,2709676424787288,10/27,564
596,4884310872760,04/29,236
989,6579951213597356,01/26,077
619,3514719735266957,07/29,816
632,4059290142761,03/26,1864
182,3524600721502837,03/24,099
236,5392144224800475,02/31,483
706,4678771883546193,11/28,3294
295,341992658153727,02/29,766
499,3524360191455186,06/27,7789
773,2381234505505479,05/29,956
399,371466246412310,07/26,280
127,36246794590999,07/30,2279
879,4561415011509840644,05/27,650
425,3527220162393823,08/26,2392
757,4098241863257059311,03/25,247
511,3571544615444437,08/25,914
886,4621717078596558,08/27,609
773,4573987842121049013,07/28,465
497,502028812811,06/26,540
182,3577728756094127,04/27,531
105,213195989760708,02/30,500
508,3559551410470265,09/26,845
438,6011928287979401,02/25,252
477,4788156537553,07/25,8928
372,6011322207642176,03/33,7723
713,3508496164734494,10/28,826
751,4877069782743205393,04/33,587
649,4976845716601,12/25,992
848,6011236067601298,07/25,647
80,3570490459579147,08/28,9355
682,3574448067151804,12/31,212
409,571781598586,06/25,795
353,4402210348316457,11/28,0469
832,3579115790185798,10/28,934
735,4350682276360,03/33,984
860,3589692730004642,08/29,866
580,347834959514617,03/27,763
523,3566987229754666,04/28,758
378,4831092098214046,07/24,5727
428,213184725913623,11/26,286
376,4765355383792749,01/32,308
827,3519552405776780,09/28,735
636,344270750616629,06/28,167
269,3547906140117906,04/33,5832
444,676391344311,06/28,372
717,345221319847600,11/31,8070
617,6597214363226914,08/32,395
830,30168590370218,12/33,469
469,4405532383593790,05/29,212
874,4863730669226532,02/31,960
582,4699859346210,09/27,720
162,3583667908414126,05/28,198
959,675986548179,09/27,320
528,4372129222177732885,12/28,026
532,4689000225355,07/33,676
476,3505542780922709,05/25,261
740,4915544358430,07/24,103
615,4033807280610867,05/32,656
53,3577008352681902,03/31,801
236,2293851029658646,06/29,536
95,4220177929859124,08/28,6393
74,5116085606775386,08/31,271
315,4266483045764,10/29,3273
687,213179235674905,07/29,465
470,376163810973398,02/29,343
899,4476699787341912,12/27,213
152,6531598025348655,04/31,171
567,639031948156,11/30,658
515,4584926655741496,05/29,878
673,4940389156160,10/25,849
504,3594036915053979,12/33,287
346,4083049968831518835,05/27,653
467,30273668089375,03/26,2064
781,4865298862032600831,12/27,695
536,3514377408618184,08/29,471
62,4511676172582158,07/27,998
973,4314264022279,12/28,733
530,371324962528746,04/27,8752
107,3573517111697722,02/26,415
951,3523462348442652,04/26,202
950,4838122267973,11/25,7542
17,213180802581242,01/27,193
714,4206229861892,10/25,497
441,30556772092230,12/28,709
979,2242162233997024,06/29,4482
68,4594359090204912,10/30,684
328,4643774045934655,01/29,788
527,2547017247137409,04/29,107
310,4818384319198836,02/34,408
571,676373435061,03/29,122
826,349159586774923,06/28,003
844,4006878383681005627,09/26,016
871,30130340579605,11/25,574
178,346475397973147,01/28,736
811,38880428991278,01/25,574
460,4066647978877711,03/24,074
231,3573713395601106,06/25,1480
512,3506029428567731,07/31,8412
934,6011763813951750,06/33,263
70,4832491926383164,09/24,524
148,213112656000839,11/29,650
435,6011611008746222,07/24,396
971,3528338449158188,04/25,827
209,4858806940885143,11/28,961
171,4643041453051947,06/24,2932
849,4641913617481929820,11/28,418
986,2499825429384872,04/26,085
41,4169710832760543,02/27,2346
558,4060642209914223,09/29,292
474,4638303398948,02/26,517
716,4119861683722651,07/29,967
71,3562554363844226,01/30,0225
556,213117240590765,01/25,338
206,30167860342568,08/27,778
776,4112596266764690661,09/30,984
40,3554170723859976,10/26,876
644,3542445531474621,07/29,821
602,4750746404086370672,11/27,128
3,38208580159726,12/33,988
98,4776697163310,04/29,480
651,4491341637327,05/24,6703
733,4448025995591046,03/25,730
194,4004565896774,08/24,221
886,379768568421601,11/26,020
295,4583301087630876,10/33,2827
629,5409494386634068,02/28,362
13,676111623416,05/28,113
586,675921896774,09/27,628
524,4872776810897837,07/31,437
919,3509282339927562,10/26,398
723,180099695214308,08/32,450
996,4974980161071336107,12/29,852
291,341104567075799,07/28,801
507,4756088549699,12/25,515
297,6011027028792148,03/27,432
689,348283571076481,01/26,618
88,4570388306076,01/33,7797
466,38303930558758,10/24,310
189,213183278299539,06/31,838
753,5194266477894572,02/31,804
490,676395111302,09/33,316
265,3507117549156473,07/26,205
272,347468508603868,09/29,881
993,3587059880457354,11/27,978
170,6011983836741000,12/29,849
159,2338524927425916,06/32,895
566,213137390206095,06/31,652
812,180041406159240,12/24,988
783,4089312599276,10/27,054
931,4978631064121124,12/28,223
51,4722567985112231,06/30,388
46,180060951827217,12/32,563
31,30467066972733,04/28,357
861,4522047432893404,02/33,492
0,2249946099691363,07/31,624
226,3537304917335657,06/32,421
1,4689944203179,11/27,8480
370,180051063744671,07/30,934
342,675989925804,10/28,568
533,2720871204980717,09/28,591
710,4862318297601846,03/28,098
538,6521286006742664,11/24,107
201,30100411634688,02/27,097
400,4150664218710187,03/34,678
412,4634212898559809,07/33,1457
779,4431046390129272,06/30,408
851,3542059231137741,10/25,215
366,583688308894,07/26,666
575,3508691334946818,06/30,293
988,3596540977165819,06/29,932
9,4516008168750,02/30,604
195,180095861014795,02/31,397
997,3555445531992873,05/24,579
632,180071834818372,09/25,684
664,630417700493,05/28,715
187,4446260541348,02/26,207
204,180025055922693,05/30,218
115,6566887962353747,03/27,935
385,2719803758021872,07/33,592
383,4329868944850044149,02/27,500
167,562180682162,03/31,493
667,4506544397958915519,11/33,501
247,4595899317614373790,09/26,4982
411,180021810887172,11/27,280
240,4821308649484876,12/32,922
787,3506032190422820,12/31,303
83,630468665025,03/24,819
203,213158314360396,02/30,172
940,502025183315,09/31,762
25,6011840027038036,04/26,175
23,501867667633,01/30,604
61,4589636652654155,09/32,123
684,4366067149161779,09/26,910
163,501888456552,10/33,019
576,3588797239579852,01/26,091
756,675914135164,01/29,753
955,213113577063229,08/33,246
881,213113823661156,05/31,602
867,676218515986,11/24,469
305,4330833586068833142,12/30,837
525,4703696975624432057,12/28,337
903,3512648529706286,05/24,849
317,4871110817290344,02/27,613
800,676364071727,09/32,7040
544,4125159646393161,02/32,657
399,3593559322331887,07/29,123
15,4655209184402243,06/27,934
984,3561342328426557,12/27,003
755,180042578295473,10/32,028
235,36263241259151,04/28,541
771,30395567858707,01/33,452
290,6520858782748288,08/32,5889
397,30129879917111,02/30,614
980,3531424452992971,02/32,979
237,3591825349316108,10/31,297
153,4647888798423272,05/24,748
760,180007974540673,10/29,324
873,4596679403074019,03/26,263
994,30096423610353,01/31,031
296,3554539045274025,04/33,724
648,6556449218736191,03/29,560
329,4673388842510560524,05/27,859
864,630434204057,02/25,009
98,3577582079562702,11/24,106
550,3571128969338187,06/28,796
414,4494787836280476,01/32,991
806,5273760466847611,12/29,354
257,3578018893090660,12/28,959
698,3513332766150842,01/28,292
674,6588735135975546,06/31,775
711,060489474118,06/30,539
489,578908223527,04/27,207
604,370648589322757,08/31,566
217,4459457215146911470,01/26,389
64,30053074876403,05/33,009
518,38881834542325,03/34,835
178,2279867617512753,08/29,317
30,213140784305614,09/24,6575
556,36630630076935,03/25,885
227,4113479520017247,01/25,519
728,2274707564549850,05/31,561
391,4811086659125710,10/24,962
205,30150568352709,10/32,728
643,4582310124703550273,06/33,946
904,3513862350723927,01/25,680
318,342144822925379,12/31,865
974,3565781957008838,10/24,712
773,676249956944,03/26,993
361,3528197776255599,07/26,784
323,3543051300464345,02/32,960
647,4085127630819671,12/28,285
434,4070747292005165,03/24,360
557,36245068266831,06/28,225
244,3579805763924245,08/25,124
575,3592684957148033,04/28,489
937,370914848325811,06/24,614
918,4101896604224486,03/29,537
830,060476565001,03/27,311
51,4020550641981099,06/27,401
183,503869708522,03/25,670
855,180012359505416,06/29,747
645,3597465996226906,06/26,814
256,4742482485568435,05/33,559
713,4767454917091484,12/25,214
39,3553767440229127,04/31,659
892,4849841573069670037,05/24,347
242,4253633981049,01/31,529
289,3531072746597047,11/28,871
940,213143663583871,11/24,2570
586,4060343265697037773,10/31,405
15,3586633804168262,05/31,149
395,6011215651924134,08/24,633
978,6011496480410954,02/27,950
996,6500678209188882,10/32,302
1,3530000638134133,12/31,631
461,4172850981237,06/27,547
547,6011400352013615,06/24,442
450,5523877958944470,05/28,863
188,3501035327764555,05/26,4787
371,2317964052924728,12/30,010
630,639012156704,06/31,730
115,213175556782871,08/28,6855
74,180090237757722,07/27,612
633,3555114894027178,04/30,843
279,4620063431958776,05/31,405
57,2298480939849197,11/28,738
522,4249455416668,06/32,973
814,6559035217761459,07/33,745
668,4580275997585834593,12/27,711
119,2720877855149718,06/29,957
347,347707361563515,10/33,419
131,4660858931598449,04/29,258
984,6011590869572697,09/33,742
300,4863339565507832377,06/29,482
148,3580905763403500,12/24,106
831,3578090478433177,07/26,847
548,3566581303114390,10/30,564
263,3585438268182614,06/27,741
722,4089615866726574,06/27,228
3,4464946169201618,03/32,866
948,4579416763431419,07/26,884
779,2244443017458062,09/28,9679
816,4796637350107800,01/27,4368
230,30241033983424,10/26,116
895,4072952472186631,03/27,588
317,213194741256634,03/24,802
590,2271711009711391,05/30,147
91,675971208581,04/32,1570
744,30117516676901,09/33,976
155,3572629365859725,01/26,583
444,4853037996897,03/24,844
146,375193250635158,04/24,882
559,5276219774958146,03/32,356
868,502077880321,09/28,7095
886,30229241444818,12/29,081
78,4250062138695,06/33,060
56,180017181133071,08/27,899
664,4644213073221593,03/24,739
833,6011742806311180,01/25,790
71,342137657431661,03/32,307
514,675981257834,03/30,959
534,4809567507225007524,06/25,823
88,213194301442384,12/31,812
980,30413909868969,08/28,9345
729,4537458935036770650,10/29,063
580,3504188822904973,12/33,984
539,4163274906769,10/29,275
573,4712524107600,12/33,384
639,060416703696,12/25,704
972,379825496427421,04/28,814
122,4436111556555747,02/32,297
206,378611850455195,01/28,723
924,376242168507964,06/30,940
583,4624194805873444,02/27,506
355,3553403480854802,02/31,326
103,4337361808731117512,06/26,773
172,3544552454635381,08/32,359
107,4290843759049541,10/27,452
319,6509318980078744,05/33,909
620,3547622020237728,08/30,053
804,348714212610254,05/33,996
159,4679514134199480,08/31,928
563,4559944551981923404,09/29,668
61,6560824699368769,12/25,075
171,213168647600699,12/28,864
566,6011115014615348,08/24,032
885,4927392487649330,07/31,944
771,4601770965832085,05/27,805
105,4274146436689600,06/32,665
341,571428249569,08/25,462
865,639024261864,07/30,279
113,6599339228049884,09/29,763
632,4842933297426120072,01/30,496
682,6540685946688563,08/26,602
552,3502836657511378,10/32,561
705,4597454091897355518,04/29,114
544,30340399233869,09/24,013
933,3524619167963634,11/24,216
511,6530198032770776,04/32,241
401,676127524640,01/27,076
782,30258552330415,08/31,979
228,180004954303958,09/27,817
781,2720460734727911,05/24,747
798,345871210485387,09/32,441
309,4145301255397976569,11/30,754
381,345982402107984,09/29,843
953,30157811434523,06/33,665
733,379359423204596,11/27,255
510,4661965238797779,03/27,924
527,3592775782593102,08/24,868
591,4864514779144,12/25,973
82,4633307375234222,12/27,290
857,3504844775728302,02/31,189
277,4845653867808,08/32,378
680,5582590688682520,04/25,108
775,4979082867419716448,01/26,801
508,2717856514650584,04/31,236
410,6011548330397813,04/30,572
87,3591874558954944,03/33,467
743,213144908878357,06/28,7996
766,4306722071252,08/24,527
32,630410780344,04/24,535
382,344307930989292,09/25,233
462,4943366954756547,05/33,651
295,6011988008003667,11/25,040
419,4941565302454125,07/30,848
795,5243496529615433,10/29,558
405,4758424994703831,05/30,512
693,30166149549027,09/31,701
957,4382928944414392,10/29,676
807,30270019139081,11/25,454
438,4684231772954859452,02/26,656
767,4985252165305499,07/30,961
570,3565448009721608,08/24,416
368,4908119191500,03/26,057
253,213139730259669,05/32,4849
750,4430529701570,12/31,3007
349,4115641711710025,06/28,4764
114,2283667539046359,01/25,8396
232,3571410986037780,03/29,858
427,6011057267621716,04/28,898
901,4692206990777782685,12/26,318
449,4184630995650269563,10/26,296
576,3502933262362568,07/25,778
306,4820339892808314,01/34,766
100,6011406558215805,12/24,482
214,3596858630942725,05/25,351
535,4336516297078,08/25,554
740,2288002884035200,10/25,142
748,180099198180972,09/31,486
736,2700473222744037,11/29,698
699,4042260706799,09/29,116
81,581076581916,01/28,585
66,3546505204392032,10/25,535
914,3546188751983485,11/31,121
593,376454217374144,07/24,665
16,6528390615693509,04/26,925
881,6573721151090748,04/24,809
104,2227772183273454,04/31,009
172,180051044069669,06/28,806
781,347259666915776,03/26,251
544,4579635547595793540,07/29,250
838,213159346278309,09/32,074
564,4892567660153579,06/30,694
323,4319090855891,11/28,734
751,38027513267186,02/32,096
981,3508285161461726,07/33,421
968,4289608205190055,10/25,541
500,4027335684313084,09/31,041
563,3555585851060460,07/24,495
59,3533164485533446,03/32,407
519,5258146018702638,07/27,909
966,3529818764665346,11/25,489
725,3535268293434875,04/30,672
96,3541167548803920,10/27,671
815,4280819136916,01/30,288
97,3513185072448981,01/27,577
463,6506826293782110,01/29,044
735,630454150081,10/33,295
50,5566612179965048,12/28,096
48,6511242831284358,07/30,067
538,4882485012113,02/25,519
692,4761888672518992579,05/24,415
924,180067332665299,06/29,033
657,180025771942074,11/26,437
652,180056371323795,03/24,747
591,4092146244333,10/25,6499
487,6011446292129151,06/30,475
670,3519796875728199,08/29,704
914,3551087026636161,12/31,868
511,3500348467786374,11/25,275
723,576038823224,02/30,323
356,4745726321083588,09/24,556
302,4394296653274978016,08/27,593
422,213122593489078,04/24,324
866,3563110142700590,03/26,410
157,30015691894465,01/32,051
279,30541258898672,05/30,309
275,4345800673771191,10/28,575
580,676282478509,11/28,111
219,4152409394492670137,08/25,345
477,501816192543,01/31,249
75,3593455541336213,10/27,666
624,4822190247965038,03/26,043
410,30101405663394,05/26,820
395,4843741745631,09/28,463
535,2706365495041063,04/27,737
801,5154476024313434,12/27,915
597,4580337346479781,01/34,494
672,371820738862905,04/27,791
344,375717948299058,05/26,526
919,6011117474391253,05/28,061
599,180025210426291,04/31,145
539,5211353218700828,07/24,273
267,630448949895,06/33,735
297,4425050044489700,01/28,344
365,38474616811199,05/24,609
396,4641412775691,09/32,195
339,4818008478565697,06/26,2982
739,4157407101480861,08/26,234
320,4044589709404202797,02/34,646
222,569462627971,09/31,866
743,213103089329812,07/25,254
543,580560274723,06/28,826
244,180060808618223,11/31,217
772,30165758394881,04/26,978
460,4520176897794542,12/28,048
123,3579963141488373,04/27,015
204,372537539524356,12/27,032
545,6585949927703981,11/25,6640
873,4664306038528045677,12/31,475
292,2275899382449923,03/28,571
503,5270908396102366,01/29,203
364,375893041642864,08/30,489
821,4419673462932006,02/31,089
424,373395748944595,08/26,296
782,4364737417468807,05/24,8471
757,5544591584629596,01/33,655
912,4126113913692226,05/33,184
421,4899871681277,08/26,961
647,2260830784681091,08/31,890
17,180027225250450,12/33,881
608,4577270252297761,07/31,159
588,4205765274443947913,12/26,294
736,6542642374588003,10/28,384
935,4866360535503976,01/33,855
522,3575444900401349,01/33,979
708,371484407680666,11/31,561
803,6564797774830380,06/25,051
473,213159033046837,05/27,341
604,38844414663226,09/24,8011
318,213111225376860,03/31,867
29,630436078780,05/30,936
706,5221180493501953,08/32,910
495,213173841152547,06/28,544
451,3598399918148576,04/25,379
197,3564956000301148,11/26,420
902,6589484136970532,05/25,574
282,3583393403143934,08/25,174
55,4237293939774004,09/26,427
453,3528766104925063,11/30,1828
636,38624853487869,11/27,055
108,6510106341127046,01/28,1467
87,630496639943,09/24,661
674,4845286199616265,03/26,651
151,213169684757103,09/33,111
402,4406625262957510684,02/28,037
740,2720474204365508,10/25,227
207,4665151321146192,01/33,778
620,6555761626654944,08/31,812
807,377582722062165,12/33,588
418,2720915638462188,07/24,166
221,6591479267748521,01/25,032
251,588477020311,09/24,732
850,373106264113667,10/24,528
479,2239880003294554,01/34,603
829,180071183650822,01/34,199
170,4232254427813,05/24,483
752,30149647627800,08/29,497
116,36667301948976,07/30,110
819,3565149818348829,09/29,726
523,180024192208363,03/29,075
675,4141729823919153752,10/33,173
136,5321291510535269,11/27,805
700,3520679592271569,05/26,670
164,180051777643086,02/29,935
831,6011753880598576,12/31,023
536,3541982327706148,12/32,326
633,4602542050939615,10/26,071
911,4044106311677,11/30,473
582,5439001125655041,04/27,859
907,2476876420806956,06/26,734
861,4922842142144,02/29,319
252,676162567017,12/30,210
394,377728809258693,08/26,492
701,3584175062737075,08/26,149
520,6588554750673371,03/29,302
159,180006497224138,11/30,644
635,4913221934480923930,12/25,673
141,345699345985595,09/28,339
188,4320139896235,02/29,679
899,2227468150484949,06/25,884
864,2720218162359809,07/33,939
133,4068917062122537975,02/29,356
930,349581395401796,08/28,668
639,180022836915567,12/33,315
165,341781692848172,01/33,747
947,4138947764909528,09/29,824
954,4074444505018183155,10/24,508
651,571392185484,11/25,922
593,6011789448152951,10/28,799
412,3581650128628495,11/29,626
305,2704135028120177,05/24,125
419,4250402981358151761,06/31,515
560,4217301401097103115,12/28,814
570,4924503384845176,02/32,933
712,30000830211441,11/26,043
913,4904535582178602918,12/33,609
628,4454771763261186,03/33,874
68,4841230452074669233,11/27,1551
824,3523831375011384,08/27,776
505,4794200722472014,01/28,967
210,213123988462639,10/27,263
90,213108238831733,10/30,475
882,4276307933801808712,09/26,543
549,3598979246091828,01/33,553
854,6011370974586969,03/28,019
317,4281479805139,02/33,271
985,570891939706,12/25,447
13,3511654370285579,07/25,976
23,36407657552464,06/29,410
760,4114170081355,02/34,509
426,4458681566878399,07/32,3010
330,4884597633829328277,09/26,006
869,630463525612,10/32,613
660,2489190495900248,03/31,516
352,180058985167949,08/33,901
21,347958513563875,01/26,033
642,4485713565278378327,01/33,435
349,344080158797297,01/31,473
436,2700982172107177,05/25,907
680,213126288787555,11/24,810
611,180010732597324,08/32,570
733,502014501337,10/30,593
113,2483265795049718,08/31,935
970,2265182744167513,02/25,680
980,4937933658506375,04/27,620
999,6011204438750954,07/29,524
870,502076778443,02/34,890
749,3572569605329834,03/33,732
266,2720492954758896,07/26,671
920,2269040352430142,06/27,436
127,579930530061,05/28,232
922,36135334706035,03/33,127
215,4499253176561665,05/25,911
200,4498025505729499,05/26,992
614,213135429886507,01/33,9954
408,6011716960357577,05/25,4923
891,4167565383448,06/30,1855
928,4677316852345440,12/24,3667
618,4008481113982,10/33,729
714,3571246417405653,12/32,309
988,060438124913,05/29,927
518,30487919296684,07/24,194
943,676243524623,05/25,685
309,2222344133146415,11/31,8069
856,6545711518950291,08/30,060
875,343793853279020,09/25,672
841,4413623855539120,10/24,249
806,344420499437163,07/24,575
428,6011286101270501,03/30,614
756,6595210986831843,06/32,000
118,371851527285016,09/26,293
354,6011293931669191,01/31,579
874,347157682135694,08/26,376
9,6011682435151310,04/25,083
887,379035861963147,11/28,344
282,30551223438587,07/30,293
833,180002873889107,02/33,915
393,4365724172256923,03/29,449
323,4479601661595546924,01/32,889
868,3537922273111055,02/30,548
519,3507258757476359,01/30,487
858,4719807230289706,12/27,4828
2,4846040479683997894,10/32,804
182,676213437673,10/30,949
383,4207834434617168,06/30,092
897,4881010499004259900,02/29,226
619,2226474949753470,10/25,372
773,180008429608313,04/28,996
690,373829713082585,05/24,497
38,345270262931663,03/29,943
677,4969518333645725922,05/25,718
589,4378773612350171,09/30,454
488,4529957452447609884,02/29,282
278,38726529925279,09/29,431
775,344063657790260,08/30,243
665,4034383385263388057,10/28,606
421,30249335118284,01/25,906
143,4037929360608,02/32,240
960,371045673849143,10/32,935
824,3563424335187477,11/31,871
485,6011256148430640,11/25,529
759,180062122816723,02/34,612
460,343336409707399,08/30,833
596,30442489251239,07/25,948
342,376108953447007,06/26,673
904,36664333424027,11/31,782
275,4759456409568604341,04/25,583
683,2244143643278534,12/26,313
900,180020029516036,08/31,170
656,3523947479995874,06/29,542
890,4991545665782568,08/24,134
112,4728330818741981227,09/32,218
220,4696149221795913,01/34,499
237,4730259289797606329,10/24,222
104,6011770138628674,07/28,724
331,213150895598775,04/28,363
917,676111382815,03/32,030
49,4088315131692096,10/29,725
82,5555282469429437,09/28,7640
631,4130006673015221392,09/28,987
435,3582470561258422,03/30,928
567,2270100488509982,03/26,708
744,38842874190763,09/24,3942
379,4952322662758711937,06/27,373
434,3547250180774296,12/25,509
53,3510741446511095,08/33,423
415,3547299023765144,05/27,858
698,4963906862425,04/32,718
799,2239773756606191,05/26,570
11,180030339706250,08/33,519
789,180078627524869,05/24,230
925,4200644343289,09/32,147
716,2264221426530381,12/30,647
81,3575575459889341,02/26,748
843,376533109674073,05/32,743
601,589153192093,05/33,161
889,6011556242085699,10/32,594
516,4444194480001335,05/31,667
176,4765285113592517,04/27,535
157,4415158905305924678,12/26,503
60,3581313316829454,09/26,881
455,4677452340776308,11/28,171
594,4630022691839850,12/26,024
635,4724886517570296,08/33,414
609,4030373023283507,02/26,1305
484,3584564993044455,12/32,079
977,5496722645857466,01/27,042
830,3574635448004856,11/31,957
561,4737687175896,10/30,116
591,6011354311328459,07/33,822
575,4248925692809967,09/31,366
819,4191764348655,07/29,526
972,213171832360384,11/24,668
274,4442717110548,06/32,935
545,2648019414044572,06/31,086
731,3551528629732808,12/31,166
548,6573350525425131,06/32,291
179,582898847899,10/25,306
129,5138793890266095,11/24,620
125,4621112412470850802,01/32,367
573,180062659179321,08/25,574
795,502023021202,06/26,640
283,3581147045328861,05/32,224
510,4189234081925554,11/31,278
37,213157685137409,01/33,676
159,30209076344648,10/33,609
610,30409402984402,06/29,034
280,639012000456,09/29,663
553,3564396192018830,01/33,163
534,6584779754967545,10/33,514
336,3571362889086010,05/30,455
725,180048157749780,04/31,190
790,2268342216796523,05/31,177
265,3536499265867441,10/26,348
241,4449004943488802,04/27,412
287,3548492898834223,07/33,846
471,4910229558126203,12/32,6126
694,4674027501681,09/29,824
708,4633624681565770,04/32,814
54,30142530885965,11/26,014
927,3548801170058634,09/25,794
416,4954645250030,04/24,422
761,4377994952636133,03/25,074
373,3568255669041822,02/32,559
613,344602470611078,11/29,010
289,180049114565202,01/25,332
206,4914813204821,05/27,712
530,213120116155432,11/29,164
815,180072284987675,06/26,365
829,30170670307334,11/26,153
271,583379296655,11/26,080
854,4157628164657323093,06/32,524
577,676216572864,03/28,731
598,4526772315852626488,06/26,552
948,2263849220559759,07/30,765
606,3541534044206587,04/28,959
105,3533770223995786,10/29,912
405,376378017083730,01/29,356
877,6011803579774770,12/29,986
816,343467679554201,04/27,3251
968,4457765745035779688,03/28,515
986,4044471203699,04/27,908
27,342724661753774,01/34,744
375,38084943124552,03/24,3365
142,30270262401345,11/28,383
592,6569438349206740,08/30,540
549,4698440707556129,07/32,802
322,370305613685499,03/33,994
605,348208888629367,05/29,072
337,4853096269681,02/25,9178
983,2683887028821031,01/26,517
222,3509629808987339,08/31,139
738,4947325095819022514,07/24,002
984,2230890740404894,06/30,564
486,4795574063467974049,10/27,644
231,5270397101423434,06/32,554
192,213128024343206,08/24,038
314,4239134713735290,07/24,976
472,30459366261420,03/33,675
242,4810857418188,10/26,269
981,213132661394779,05/24,177
26,3514424194871054,07/26,320
702,4838245325518,07/32,700
212,6011147683668225,06/28,757
655,6560085388630592,02/34,232
97,379878712975061,08/31,528
705,2606480603150895,03/27,004
452,4261067212294,12/29,170
729,4847609808434283,12/26,471
350,30123356352587,09/29,365
196,3545441200133330,01/29,519
56,4185236959437277,07/28,520
294,4254836856569514643,08/24,795
268,060474448796,10/28,405
832,2247954170675851,10/30,533
155,6011364863178566,04/24,703
861,630455281406,12/26,428
504,3534331704275674,01/32,051
922,3583077081936707,09/33,316
214,6011888839728401,03/31,291
814,4057410175632574,10/29,832
901,378824469316662,03/26,982
130,3510952325896537,05/24,531
746,6011855900344764,05/27,384
633,4920040276662132,04/33,8628
600,3513544791548200,05/29,184
113,5250790845110917,06/30,210
181,213100498719898,10/24,6952
938,3538160524682207,04/28,064
709,4856624530696524159,10/25,283
846,180096439905316,08/32,119
614,3544083157462717,05/25,9749
466,30328836753029,12/27,213
153,4937168867976529,09/32,592
436,6011468193629808,09/29,800
125,3556389048776065,05/33,775
378,6599204496215064,03/29,739
398,180034739701994,10/25,674
873,4115710364805,09/26,316
484,36561992662980,10/30,629
385,4625230002148260,12/27,925
608,377528883342698,07/32,071
88,3568702491562954,06/26,885
235,3510443724820278,07/24,378
382,30068635491302,05/26,957
553,3518980536191507,09/32,561
869,4191419546810,08/32,501
600,180064763397187,02/32,472
675,4999378697970522823,05/31,5355
373,341321900470459,01/29,974
417,5402057196798162,08/29,805
131,3536201358568104,02/31,191
248,502093368699,02/33,320
180,6518172303240856,09/28,101
937,30294791391157,07/31,192
69,4491013874314926,09/32,227
881,4679032321640398,11/33,542
885,180045545587070,12/27,107
336,2263152248846823,09/32,697
238,3598367412693116,02/31,066
185,3508862158565154,04/24,316
957,4845997541724793,11/33,6199
230,4308500031131812516,03/30,3048
432,3523393077161165,02/34,184
172,180053228262243,10/25,9554
888,4830139114532074423,05/28,521
930,345843571688776,06/25,200
824,4384018704118280,06/32,114
177,30578319404918,04/25,228
904,3515246838829373,11/31,117
990,4060855501593079,05/24,591
811,30342369724455,06/31,415
766,4791525525964104493,07/31,034
834,3533339189205208,06/28,540
118,4228118051286464,01/31,386
351,340735898877162,11/24,745
445,30100197601190,12/25,977
429,30478389937311,09/25,971
311,060460605334,06/26,354
887,36588964067328,02/27,7623
119,2284332270657034,09/26,481
258,376474653986961,07/30,765
605,4288182816727720530,01/27,062
708,3560239854585247,07/25,544
667,36724237821833,03/27,552
226,4066092004327465215,06/24,2387
427,30038237480417,04/28,967
953,630445254513,09/25,075
324,6554015854268989,10/27,9426
910,4581854831510986,09/25,7342
496,4842015779201211,06/26,132
902,4255557755291,09/26,908
276,342120987307009,12/29,405
308,3570465642957459,05/30,183
241,4759810404254915672,10/30,982
293,4401153835547,12/29,728
872,4199894301262,08/33,622
73,180043648118711,11/26,845
35,4586093959717116,05/30,615
668,3511694312103894,07/30,1526
783,213109266816182,12/33,639
127,4323448365993727,04/28,216
203,4756310722756005,09/27,671
743,3508849064451256,11/30,801
861,371473936558535,07/26,115
549,4889409918555930,06/31,015
491,30191895450840,03/33,540
681,3536537388778365,01/25,358
702,4110623245168545,02/32,627
683,6516172320835607,06/28,973
625,30456196576860,10/32,247
469,4963933592243710,03/30,822
150,5563001894873906,04/25,053
974,3593302160249501,10/31,917
61,4881249785360,07/30,657
525,213110128965191,01/25,245
45,2255955006639309,01/32,032
928,180084859863637,01/26,168
596,4099737978401,07/28,329
52,4468108001521549,02/32,678
923,4182295307590280991,10/32,874
674,3537535345890884,06/26,239
397,6011347735979352,02/30,130
81,4258413815358,11/33,5246
458,30125061968714,05/29,419
579,4751103425232987817,06/24,886
437,30535942402347,07/26,019
323,3576799369168427,07/24,152
736,3566649337132652,01/25,834
497,4792121552082545,06/33,670
840,3533674743973226,02/33,907
57,180036349710836,09/27,390
446,4347855217361,03/24,3530
117,6011856291455540,06/33,3799
753,3544765757171488,02/25,964
799,30195613163809,08/25,493
685,676128232607,02/25,568
927,4673133417691,06/29,353
256,4370137174861,03/31,499
13,3529053138246397,06/25,991
775,213107758196246,09/24,791
54,6545065284183813,02/28,234
977,180057912796408,12/30,466
572,4040346755078475,05/30,270
425,4542117522109,01/30,225
804,3538211617116999,12/27,847
381,3513022867896050,11/33,5215
453,6504019938534847,03/33,798
286,375458376545577,05/26,208
156,3544253128625904,02/26,261
514,3593858384106827,12/31,213
939,6011598233660122,06/33,687
292,5598878600108282,11/32,355
788,4194084470940869,04/31,970
379,6011939053533207,12/29,253
932,676188240284,01/26,370
917,560055750676,06/27,439
223,4869676874068736,04/28,724
55,4036394504204170,10/33,722
508,3556269686464895,09/24,816
377,213136773550368,04/28,136
627,4441071530179134,09/24,938
93,38102109030924,08/32,537
414,676232983434,01/30,907
564,3579453436812552,01/29,762
78,180014000619612,03/32,891
328,4504052894838994887,07/32,284
575,630447339817,07/29,173
737,675905780077,12/29,916
816,4422019852096,03/24,394
710,6011660790003706,09/31,695
790,4423126250977513,03/30,0947
905,676134205340,04/33,552
717,213102935918059,06/27,885
663,3578121347127862,03/32,4973
518,3542088807592658,09/29,964
91,4581712691687,07/24,639
909,4140663761334384554,01/34,013
729,4211096343222,06/26,169
444,4318939470499433,03/32,694
214,4029318543201342,06/33,782
580,4518682108244353,11/31,654
112,4598706024487490,08/32,2814
107,30301609631631,01/34,288
115,30548741208104,11/33,143
746,4140481555514,12/28,557
805,371864997585229,06/28,404
826,5317154984460990,05/26,502
991,4845105038056881,12/30,842
858,38387131122332,10/26,534
152,30508034487336,08/33,072
101,4052545690510915,08/28,569
781,3554163365166248,07/26,363
976,4507901737509462,09/28,473
478,6545007158912901,12/26,328
322,4530383917780,11/30,179
271,4259417951163969,07/29,6045
825,4769877396288296,10/26,833
422,2496709844743701,09/31,4506
383,213183702436699,09/32,440
151,4471718912379434,12/32,391
643,4140431719632,08/28,408
204,38722377257220,03/24,386
401,2720013381134525,06/25,172
603,213171113469375,10/28,7699
212,4103958313817,05/27,892
998,3537937579265603,12/27,3528
631,2378396891023881,07/24,122
732,372802134218303,11/27,395
109,4096600379923618686,05/31,353
148,4765416891062163,05/33,615
348,4129694388442943539,12/32,364
713,2268319325604202,01/32,908
806,344310287722423,03/27,716
653,3593260995412688,02/25,943
227,2293754110178575,03/29,882
665,4425401486238065,11/26,474
27,3532433707277749,11/30,275
704,30447735940691,11/24,944
224,4506961959814140,05/26,432
821,349106486057586,09/33,666
450,4077540003309783,03/26,006
175,5305799700872086,02/28,771
903,5318595302284596,05/33,806
592,4811700027586881965,11/27,380
973,30339321322840,02/34,945
835,3505746621174103,05/26,755
265,3563880580760658,04/27,740
370,2230246070972812,11/29,477
742,4472913327779976,06/28,9833
808,341197236316289,08/33,521
577,30459481442517,05/30,747
696,4103024639534,06/32,123
849,4282054285123628275,05/29,737
520,5108067793019000,02/33,193
764,180044472836709,01/32,400
210,3593540813838101,04/31,277
881,4714416444481870,09/27,590
892,4646454822434,01/29,458
696,2254195777263846,01/32,473
166,4446827876718447571,03/30,825
329,5317858597112612,08/24,004
598,4639496041165250,11/32,537
248,4486202423493649,09/25,210
797,2277168240796968,08/33,804
397,4701359507091,08/29,685
425,4997526945230457,01/26,472
743,3503700388294473,01/26,409
895,374037915637011,05/28,869
287,4771573218661531,02/34,222
509,2716631941019708,07/31,967
322,6011132185441552,09/27,5552
54,4551227952135514583,11/25,467
605,180061536663515,05/30,472
328,374969312389608,10/30,284
291,3547669348846847,03/28,334
723,3540643357631306,02/27,094
306,3518816780385926,07/30,870
164,5167519264011575,10/28,647
795,4472332198767845272,12/31,260
632,2283194371817417,02/29,554
979,676315885910,05/30,348
796,341653624461418,10/24,7442
718,3539629912617818,11/26,420
739,4107265717461,08/25,803
266,344387682851940,12/29,601
735,213175926666887,12/31,951
960,6011924800629284,02/34,654
138,3513433352267428,11/29,529
211,585431157023,02/34,579
146,3530672974417411,11/25,408
780,4824417832892449572,12/32,8292
831,568468678145,09/31,960
121,30299257719783,07/30,215
481,180029772667250,05/32,851
242,4987498025441801032,06/32,0815
404,4641824472085,05/32,119
268,6011706913556896,02/30,277
64,630499250003,05/24,720
143,4457531494769528,10/28,630
78,6513065784779761,03/33,988
801,340309812784258,03/28,428
111,180028696411514,08/28,9390
465,4198817363998080,01/30,697
958,213133754087270,06/24,681
521,180071084913360,09/30,640
379,4305546389890,05/27,754
978,3568663072172664,02/29,891
184,38669920350921,08/24,833
688,3539248223769521,01/28,666
894,4677720859173830,11/30,612
274,4702123886961420610,04/25,569
377,4654259870304436,09/29,797
566,3533226889740180,02/28,393
15,30357761267663,09/28,470
66,4901793456244793246,08/30,209
586,6527797209920547,04/27,892
821,4240358444891125,10/30,647
897,213122943019690,12/32,697
113,30377568756502,02/30,726
241,3504202233717153,08/25,344
942,180057246089140,01/25,991
631,676105482126,02/32,854
285,4698518758411318,06/24,429
891,3535484726545829,12/24,546
528,4703883671328319848,03/26,111
21,3554282153432396,01/25,123
806,3531024691528444,06/33,452
730,4706442392988757,06/33,950
664,4578543818638,02/26,183
651,4067783994045212,08/33,875
966,676323027018,03/24,563
353,3539129929780535,01/31,130
554,4979197154298,05/26,980
406,3513381317440913,05/26,763
503,4688211862975574977,12/33,429
69,4466777229242898,04/26,543
426,4899534830947192,08/28,982
793,3595957124199213,10/32,364
269,4979235679090054296,08/25,720
28,3571409655904262,08/32,204
282,2290932857598410,09/27,731
187,5435328124445304,12/24,231
343,4581983833812569,09/30,711
690,2272385729240095,10/30,216
673,4574907564085987,05/32,206
615,30393140847933,10/33,3144
87,347583619171074,05/27,3436
367,4977158928617238289,04/32,372
349,501838549753,05/27,2297
307,3545257515174813,06/33,239
746,6529426395847565,04/24,949
378,4482513915799,01/33,3730
987,375116331313982,12/28,556
532,180096179359658,10/28,761
510,2261996068530483,03/33,604
712,4346864723059501,09/31,016
108,30249267507157,04/31,957
185,6587534981789502,04/25,443
296,4483408542234540,07/33,306
119,2292873878175267,08/32,352
525,676177135214,01/33,383
137,4546883638384218423,12/26,421
593,639000271739,01/27,537
644,180094354952421,07/24,769
967,4903167721340,06/26,747
364,4242606372488770251,09/29,506
714,4923033062338980,01/30,2334
474,3587557553426259,08/29,429
999,4808549986635670417,03/32,774
295,5459876330053305,01/34,009
176,3510308468757194,05/24,930
663,371098051138779,03/26,460
815,3549293753358699,02/29,7444
786,3509394942490662,04/25,007
257,4503670036143,02/32,068
541,4639315401977,04/33,048
732,4896158767791648,03/26,812
44,4848316502473,11/28,330
818,375295733605011,05/26,563
289,4479106859866625,10/33,797
682,639088365403,03/26,012
863,30078726607377,08/27,063
647,3559453123858458,04/31,063
639,503899036498,08/24,665
455,2261179378988382,01/34,499
192,36035197066339,01/30,724
502,4234300509712158,08/27,584
150,4050156541555802038,07/31,616
500,3598943741819794,06/27,215
913,2284088086194238,02/25,428
88,3542278579139875,08/32,199
227,3538749016376946,02/26,486
618,3513997669954415,08/30,929
204,4956141251977563475,12/29,000
798,36697589798553,10/24,640
356,568725910992,02/26,530
948,213137263527403,01/27,224
167,3543126685674096,05/30,729
594,639079499856,03/31,375
371,344766487771702,10/28,750
671,213181845462358,02/25,551
676,4295165668872985277,04/26,242
261,3511136230584516,10/31,402
778,3541121819015367,08/29,833
96,343022743487746,10/25,498
354,2720041938036992,01/33,101
181,4834705746269,05/30,497
263,30351810258542,07/27,066
657,2292153365840701,09/26,546
94,349074053364464,02/30,081
512,4869639692904987,05/33,472
962,30334677765155,01/31,401
98,6011178871878979,03/29,606
23,4510166625015510,01/30,435
366,180002238368433,01/33,499
964,30027822847403,04/31,879
239,4333023597504,10/25,747
991,4677459279767,06/33,751
342,343260517791386,08/29,804
840,213149929502621,02/26,4749
933,6527265590436887,08/28,866
963,2373325063145102,03/29,346
443,676256116325,01/29,045
526,3513305791384511,08/29,669
577,4663422711423182,04/24,846
687,3596845388399877,10/32,630
636,4846936760439658,11/30,2562
390,4415363487462759,09/30,010
232,4447843666419185861,01/31,950
749,180075481570194,08/27,7024
165,6011196789247129,04/28,899
902,2333558494967343,09/26,527
59,180070180748829,10/31,186
380,213111220234924,01/26,126
155,4619347946006566,07/27,557
449,4128364074596478,08/29,0831
702,502034114426,06/26,096
460,30096176284752,04/31,961
886,4920175321704933,10/27,574
67,213184132337895,10/27,9852
989,30403896747581,10/30,629
511,343749679588648,10/31,040
911,3550191552301058,02/29,210
866,3512772975154351,06/32,896
359,4742723626241,10/24,175
697,38259950343358,07/24,030
658,4742989287860455,07/33,759
168,30196761742501,07/33,648
542,3553861651877201,10/26,568
36,36462814915526,06/33,037
506,347578799195711,01/29,8800
649,4452978860486750213,12/24,766
698,2405946455573403,12/26,610
841,060470730387,04/32,635
982,4601465271017501,09/25,528
948,373834054923413,01/29,777
731,4669732622087,05/29,442
629,4194239584020657,01/30,650
981,30465900104711,06/26,160
832,371182900972685,09/25,5843
598,180004673284612,06/25,873
420,4801338815172777,08/31,764
955,4473465686960310505,12/27,875
75,4781688657004056,05/33,476
568,3519114897662950,01/33,847
775,3528753560696313,04/31,840
651,4613278663170,09/25,730
757,3567302797835773,08/26,083
924,4804806460670250,02/33,348
215,4037972768328048,04/33,873
826,6011929599089632,10/31,4072
565,4741226923334848,12/33,408
729,3540360272569871,04/29,707
33,4364056227456161,02/30,084
721,213112837650759,02/34,120
685,6547443611400051,09/33,432
770,5456384612851093,09/31,001
833,3592216003501715,04/27,3556
975,30570421918521,11/28,195
381,30038120001684,12/25,898
808,4229704664300021,08/27,3667
842,213145823390113,07/30,915
306,676280364164,10/32,089
819,4586993816956031,07/32,703
195,4352764580517289,12/33,845
440,2718226213815301,06/27,585
941,4751278817113,05/33,400
705,6011953022416758,04/33,965
579,2265875686825168,10/25,948
488,213183827189827,07/26,292
63,3534487127461539,05/30,3025
671,213165866261922,08/32,596
206,6575568546901966,10/26,658
658,6500114152646221,06/25,434
506,4431282367966137,01/27,6646
897,4427344840104,01/33,536
628,6011179591520958,07/27,055
767,38748311753578,07/33,034
869,3525558357026019,05/27,003
669,4476807742442218,09/24,233
356,4300739389787030662,05/32,512
951,3597169348285376,06/26,310
116,3535765014017640,03/33,263
238,180058949682249,01/33,352
761,4009057476174498,12/27,521
103,3518037983426033,06/24,858
333,580614435262,07/24,268
551,574216245799,11/30,917
164,30484983467333,06/27,462
48,4837191468884,07/27,138
288,3572589443264654,01/26,557
989,30466034926953,11/32,598
425,4003941056430594576,06/28,718
89,4781680772777465453,06/28,637
803,349897564523438,07/26,254
245,180095950355513,03/26,727
450,30043349486997,10/31,570
961,4218330156615859,02/26,651
567,4793667486134,06/26,295
918,180004134632185,12/24,264
577,5484649295821852,01/29,791
621,4276106347882791,11/24,913
537,3595106646934265,07/29,2583
859,5576771735602210,07/29,179
233,5520279172717092,01/32,565
890,2703755220002559,02/34,217
261,213154041254945,03/28,225
126,3587656273404164,08/31,875
107,4975779715795,01/34,470
273,30324202039952,02/25,302
594,4265309985829743,06/29,948
237,6011896386061019,05/24,437
399,4730202484683918031,09/31,945
84,6011312303349602,05/26,889
124,6011797944188973,12/32,767
155,3538305846829867,11/32,386
898,502065718806,12/29,804
275,213190479189922,07/25,578
620,30485340280475,05/33,667
943,3597788277191741,01/30,976
903,180075385300987,09/24,989
257,377199033686713,03/24,226
657,3520793968415294,09/29,489
151,6532469085971381,04/24,596
672,2260865241552014,11/32,613
916,6559975122619740,11/33,519
535,4055969296268,09/31,710
361,576786465434,04/25,932
882,347304351130156,09/25,070
378,30086018435910,02/26,7584
960,4955467072527,05/24,920
216,4840078306398886,07/33,894
168,5223896914069332,03/31,557
811,2275018627638097,07/27,034
242,4598881858919981,08/31,258
732,3554954712015629,02/31,574
627,2476885269549320,12/30,712
249,2247143382339122,02/29,197
619,5415611466015395,04/31,679
252,213143719819139,03/32,149
407,4277337171277720,06/32,378
34,3579880195582705,11/27,328
265,30114411962098,09/28,442
593,4029890234664335,01/28,978
893,4892217789415091035,04/31,655
290,2472865379822514,05/29,622
182,4182628881645418283,05/24,003
493,4943890216088212537,02/33,275
920,213199450222768,12/24,592
315,5256780251709256,01/26,043
433,340290643541705,02/29,430
796,6011971437882513,11/31,273
10,3586386282198703,07/25,830
323,3523058316998970,06/25,909
359,3515944448691353,08/27,088
974,4188397709995019,02/34,270
927,3543195570545984,02/28,607
793,3542203740680037,12/25,098
835,30329952626734,12/26,726
345,6500544845603520,02/30,417
891,503832344942,04/24,174
235,3577011228268292,06/26,579
675,213153630091205,02/25,425
82,6579481870134327,08/25,127
129,3520414872738909,01/28,3916
966,4205848486656124,12/28,857
510,213115990250234,05/31,353
39,2235100781338182,04/26,762
665,4181550636538,05/25,639
734,4325519332753671,05/29,570
480,676244136153,11/32,352
59,4377341264304473,04/26,570
418,3539640172951292,07/27,691
264,676255152438,07/32,224
366,502099856531,08/33,189
305,4172190462534,01/34,954
854,180026726222372,01/28,357
711,4216496593135256116,09/26,278
904,4484711856379,10/25,563
600,180014848705466,06/30,137
96,4625127863645,04/25,897
15,377332031917885,04/27,189
380,3586938435077414,12/28,737
823,376578378898531,09/25,6098
756,4947762605069,01/33,892
117,180092359601332,12/27,278
328,3547113811002224,05/29,5058
29,3596605672623915,12/24,160
910,30342200144392,04/30,3923
272,6011786002965471,07/33,668
449,6532335724540004,10/32,386
605,4982098094006582184,03/26,568
717,38780453169370,10/28,1514
32,4842137345719615,06/26,159
498,3518865523971849,09/33,144
840,4159862834831921,11/29,405
654,3574955772933839,03/29,125
606,2256609134549570,09/27,6154
388,3515505859953739,09/24,835
193,30357108668813,09/24,137
196,2227651180643259,12/25,644
749,36623987543995,07/24,804
183,675926232389,05/33,912
776,6545490239048798,08/30,324
615,346572886179010,12/27,848
892,2720012252435169,10/30,317
670,3594082524348707,09/24,884
350,6011960254442535,12/33,106
740,2342338539585056,02/27,345
190,4229644874402011,02/27,456
246,4470302395273,05/29,646
595,3500827346903011,11/27,248
877,342659188743371,05/33,0101
60,4389491729802607,05/31,007
402,349260877483966,04/28,740
9,4269691898271,11/32,614
409,5215562714000196,10/28,9275
136,3503893353049905,12/24,065
554,4742160240472024,06/25,148
210,4500934402596084495,09/32,173
848,372028972425293,07/25,3764
302,4015766825981811779,02/34,459
250,4839309568951,12/24,529
853,4649259750107,07/26,170
234,4245923459130027,04/31,200
894,6011052392094699,01/28,485
11,5217593149748479,04/30,3738
231,3521008326040935,10/33,688
935,4200271722567799369,09/31,902
799,4358265126343630,11/30,7969
919,4464079020768,10/29,538
953,180099234315954,01/29,031
561,4290051163987666,12/25,7648
28,2286291512025558,06/25,571
162,3535613722869771,09/24,774
569,060426358168,10/26,656
948,4935740931240807291,12/29,574
339,3548441376232749,07/28,628
622,3529598129738745,06/31,204
303,4631984451121234,07/25,540
817,345371166303809,02/33,178
861,4716967559481742198,08/25,162
760,4914629483062684383,02/27,3016
913,4452003813968962,12/33,665
392,3580920506241760,07/29,033
570,6011774574910976,01/32,090
815,180013632089418,03/27,691
141,3548122524460578,07/33,904
471,3527374041435527,08/25,827
194,3504891191909578,01/32,733
624,4410243577251988,10/30,810
702,4589661693000,09/31,186
732,3587023116563690,05/28,910
38,6011378573764259,04/31,539
436,30285310912549,01/26,344
928,3558750736930215,11/24,907
445,30588385701030,08/24,043
318,213131741241679,09/29,343
666,3559809312988234,06/32,809
620,630498934888,07/24,388
261,3571325241504038,06/31,264
997,4541249285437,08/24,495
725,3541216545234835,12/27,731
220,3563540377779945,10/29,827
575,2706869987102853,01/27,594
453,2654682120396353,08/25,701
332,4967629658517049,07/27,1293
169,4912390856714484,12/32,630
437,3541756883186295,08/29,5344
459,6592241985191874,08/28,480
486,3538599086607096,05/25,345
630,582256068237,06/32,727
443,4673113919874726503,04/25,650
160,3510861042397242,07/24,128
161,30091828307846,06/26,537
337,4936618578778,03/33,147
875,676329368937,10/27,044
684,3598579080162295,09/27,252
645,4313369246124799,04/28,679
504,180053681496080,11/27,589
513,36211390562685,11/30,007
135,3513135426755029,03/30,131
877,3572078478961780,05/29,087
430,3504009546032935,06/27,434
82,30120206752453,02/28,787
470,4125074766109133,07/30,858
754,4300761194126358217,11/27,244
74,3511560184720752,08/30,126
629,583153239285,06/25,853
435,4307841978430998,07/26,112
322,2638304784577787,02/26,216
441,3520422348687154,10/30,064
212,3525047257353426,01/31,562
829,3504565689386263,05/24,5898
480,30289237624948,10/33,398
235,4249466894374,08/33,2722
215,3507908765841016,08/26,082
482,213144636989393,03/25,825
494,676315449402,12/24,863
545,2718778927615997,05/24,130
724,2231068973849908,11/27,368
495,346040767590051,07/27,774
329,6592077727071747,06/24,451
86,3517530604919668,07/28,460
648,501891207638,07/29,5228
10,2296418966497326,03/29,297
88,4303515807393726,05/32,812
56,4177475263374558,08/30,268
321,4817794503329,03/30,078
689,2226016515826824,08/27,690
502,639032000916,03/25,545
901,30082095097319,09/31,930
84,4641089350869,05/27,245
167,30339884508462,11/30,000
527,630403189941,02/30,871
836,6011332542462412,12/26,413
969,5537354631738947,08/28,394
931,4120973532184335,11/30,766
769,4694539912103095115,02/31,229
98,060460110574,09/25,837
276,4806790162793529,11/25,935
714,4487553976117764,09/32,961
197,180096184240125,05/28,292
792,370356489289056,09/26,251
110,4587813687731405,07/25,722
603,3501827936037278,05/29,051
63,5339980755355009,02/25,490
985,3583282244511781,01/25,389
935,2222086172203587,04/32,993
111,4699800149326606,12/31,335
11,3568413080613998,08/24,621
727,2270923555208752,08/30,2889
198,4253014552641315325,07/32,475
659,4772210432967340,02/27,102
440,676277676778,05/30,195
499,676220410747,12/26,8711
357,3516717790624316,12/25,162
404,370021976411932,06/25,834
585,4535806696507,08/24,352
988,502000785274,06/28,659
226,3533911618778425,09/31,344
64,4906094386385181,07/24,914
100,4066827787596,06/24,002
809,180040614064127,07/30,462
417,6566909572985674,12/33,739
207,4782089147411093,03/29,685
991,38427433244622,07/25,660
490,4583717367169030,01/31,840
568,30404550326670,06/33,670
254,30132931005578,03/26,775
116,376879899657244,12/33,088
613,3567612899793971,06/28,350
657,180059952446928,03/29,196
675,4993673209678064,05/25,912
426,4286675248307,04/31,051
654,6516394585113195,07/32,942
647,4812745476014,01/26,440
45,4419366805936673,01/34,081
854,370445232487792,06/29,615
697,30134703063108,08/31,302
17,4232653040941005,03/24,992
469,3509041051568909,02/30,863
294,2309699512001853,09/28,105
591,4474384697584875,10/30,511
507,213152295999900,01/34,570
945,630437629599,11/32,248
528,6565211379201913,11/28,623
217,5523688453595547,04/30,765
285,5188836830555116,08/31,161
915,213147387496948,08/25,985
907,3583277952171430,02/26,262
257,30579357544532,10/31,230
670,3589054241254499,08/26,002
778,3517976041254153,09/29,140
384,373331311023004,01/28,501
801,3590798173092494,12/32,693
400,3523070945865587,08/24,088
905,4874671572788960474,03/34,667
153,4473650665879427,02/29,905
371,4717840192640428,10/28,977
407,213161410397692,10/27,717
765,30316165253166,11/24,164
900,346097267483104,04/27,677
41,676302178923,12/24,683
999,30093518271092,11/27,309
876,6535682366736771,01/33,1731
843,2257342141446973,12/28,747
356,3547796276808844,05/32,948
978,30006670182691,10/25,146
137,4028367477490851,04/29,604
896,4029353974725428,02/33,377
468,676319476823,03/31,102
304,4905818304425757,11/24,866
65,4117431048370091,08/33,937
256,565830636793,08/30,822
69,3517830623329182,03/26,572
813,4200194813384451,07/28,965
583,371895775944535,02/32,068
894,180052588847288,03/30,494
572,4191046251473405,07/33,203
241,3502244652626566,04/29,800
870,6011960729443100,08/32,370
632,346527138959098,03/33,371
718,581501000169,07/24,301
40,2710838103764023,06/28,477
541,4578073274381970,06/25,777
344,370739853878556,11/33,109
633,676130055210,11/32,508
492,3538227276543356,02/26,730
230,180027598825045,04/26,444
364,2607495982731486,03/32,454
168,4210465658244,07/28,093
703,347513222281580,07/31,760
4,4414166070135,05/33,879
637,3513302678920111,09/31,6372
830,38654657030623,12/24,931
53,341711747950699,03/33,8449
331,2252750375295442,02/33,724
580,4032178542189533,09/25,137
341,375782974318180,10/33,644
977,503845949018,03/27,345
731,379480045249213,02/31,564
938,4930871308291799,02/34,9777
466,344349792857761,09/31,0443
772,213119431799197,08/31,071
852,3566240548753708,07/29,599
451,376542877923661,11/31,177
671,4149002550482404681,07/26,387
177,30278021519398,01/30,308
192,2380157378365443,02/28,821
886,3537127195887044,08/32,951
520,3515645210546515,09/33,941
602,213108440289845,12/26,756
674,30555579597029,01/29,068
