product_store_id,store_id,product_id
0,0,686
1,0,99
2,0,197
3,0,689
4,0,66
5,0,351
6,0,615
7,0,210
8,0,534
9,0,300
10,1,498
11,1,526
12,1,450
13,1,535
14,1,633
15,1,266
16,1,207
17,1,662
18,2,224
19,2,244
20,2,284
21,2,188
22,2,493
23,3,569
24,3,629
25,3,494
26,3,456
27,3,78
28,3,126
29,3,57
30,3,633
31,3,657
32,3,104
33,3,343
34,3,544
35,4,143
36,4,20
37,4,342
38,4,102
39,4,201
40,4,580
41,4,296
42,4,593
43,4,684
44,4,657
45,4,233
46,4,569
47,4,130
48,4,428
49,4,516
50,4,552
51,5,245
52,5,413
53,5,500
54,5,202
55,5,555
56,5,341
57,6,198
58,6,92
59,6,300
60,6,211
61,6,349
62,7,241
63,8,350
64,8,67
65,8,406
66,8,585
67,8,460
68,8,636
69,8,271
70,8,302
71,8,337
72,8,182
73,8,650
74,8,487
75,8,213
76,8,99
77,8,220
78,8,640
79,8,239
80,8,159
81,9,46
82,9,412
83,9,508
84,9,133
85,9,153
86,9,480
87,9,115
88,9,41
89,9,12
90,9,490
91,9,355
92,9,672
93,9,231
94,9,625
95,9,288
96,10,124
97,11,605
98,11,671
99,11,278
100,11,225
101,11,112
102,11,358
103,11,660
104,11,611
105,11,165
106,11,61
107,11,243
108,12,3
109,12,500
110,12,323
111,12,96
112,12,540
113,12,582
114,12,180
115,12,388
116,13,79
117,13,524
118,13,328
119,13,399
120,13,669
121,13,676
122,13,472
123,13,201
124,13,183
125,13,147
126,13,231
127,13,404
128,13,301
129,13,449
130,13,593
131,13,616
132,13,316
133,14,289
134,14,270
135,14,587
136,14,317
137,14,527
138,14,395
139,15,258
140,15,567
141,15,215
142,15,498
143,15,537
144,15,47
145,15,605
146,15,590
147,15,394
148,15,153
149,15,235
150,15,446
151,15,287
152,15,627
153,16,261
154,16,583
155,16,281
156,16,144
157,16,113
158,16,609
159,16,5
160,16,106
161,16,154
162,16,78
163,16,492
164,16,225
165,16,447
166,16,630
167,16,200
168,17,328
169,17,427
170,17,101
171,17,645
172,17,467
173,17,436
174,18,131
175,18,374
176,18,92
177,18,378
178,18,114
179,18,429
180,18,573
181,18,518
182,18,632
183,18,617
184,18,507
185,18,383
186,18,253
187,18,181
188,18,124
189,18,266
190,19,218
191,19,147
192,19,12
193,19,493
194,19,284
195,19,52
196,19,536
197,19,101
198,19,312
199,20,503
200,20,397
201,20,75
202,20,53
203,20,624
204,20,58
205,20,27
206,20,600
207,20,381
208,20,265
209,20,404
210,20,82
211,20,362
212,20,450
213,20,156
214,20,643
215,20,408
216,20,26
217,20,402
218,21,660
219,21,256
220,21,88
221,21,167
222,21,432
223,21,25
224,21,223
225,21,288
226,21,673
227,21,621
228,21,302
229,21,240
230,21,200
231,21,331
232,21,99
233,21,300
234,21,39
235,21,425
236,21,161
237,21,189
238,22,0
239,22,211
240,22,397
241,22,428
242,22,620
243,22,244
244,23,512
245,23,300
246,23,394
247,23,609
248,23,658
249,23,581
250,23,347
251,23,12
252,23,594
253,23,464
254,23,129
255,23,309
256,23,570
257,23,5
258,23,108
259,23,545
260,23,618
261,23,98
262,24,661
263,24,246
264,25,3
265,25,272
266,25,364
267,25,372
268,25,646
269,25,263
270,25,110
271,25,584
272,26,57
273,26,573
274,26,23
275,26,108
276,26,538
277,26,133
278,26,520
279,26,36
280,26,330
281,26,626
282,26,576
283,27,244
284,27,366
285,27,75
286,28,595
287,28,643
288,28,529
289,28,130
290,28,473
291,28,600
292,28,230
293,28,77
294,28,593
295,28,463
296,28,322
297,28,307
298,28,24
299,28,495
300,29,563
301,29,270
302,29,337
303,29,413
304,29,67
305,29,560
306,29,295
307,29,447
308,29,357
309,29,513
310,29,128
311,29,274
312,29,203
313,29,657
314,29,180
315,29,114
316,29,256
317,29,590
318,29,375
319,30,651
320,30,500
321,30,231
322,31,127
323,31,89
324,31,659
325,31,673
326,31,230
327,31,96
328,31,344
329,31,385
330,32,570
331,33,121
332,33,563
333,33,106
334,33,324
335,33,590
336,33,692
337,33,368
338,33,491
339,33,62
340,33,587
341,33,405
342,33,693
343,33,539
344,33,411
345,33,499
346,33,50
347,33,651
348,33,84
349,33,43
350,34,302
351,34,37
352,34,60
353,34,213
354,34,84
355,34,364
356,34,646
357,34,149
358,34,19
359,34,30
360,34,425
361,35,568
362,35,305
363,35,638
364,35,176
365,35,554
366,35,10
367,35,410
368,35,46
369,35,261
370,35,115
371,35,336
372,35,75
373,35,422
374,35,203
375,35,613
376,35,47
377,36,189
378,36,255
379,37,101
380,37,185
381,37,511
382,37,215
383,37,203
384,37,625
385,37,196
386,37,47
387,37,512
388,37,120
389,38,654
390,38,254
391,38,152
392,38,592
393,38,523
394,38,631
395,39,25
396,39,407
397,39,210
398,39,96
399,39,498
400,39,261
401,39,312
402,39,221
403,39,429
404,39,611
405,39,111
406,39,614
407,39,150
408,39,621
409,40,654
410,40,449
411,40,415
412,40,283
413,41,371
414,41,511
415,41,276
416,41,526
417,41,535
418,41,194
419,41,216
420,41,80
421,41,688
422,41,664
423,41,222
424,41,297
425,41,609
426,41,142
427,42,500
428,42,387
429,42,78
430,42,642
431,42,445
432,42,297
433,42,309
434,42,381
435,42,89
436,42,340
437,42,148
438,42,349
439,42,607
440,42,556
441,42,95
442,42,229
443,42,322
444,42,480
445,42,590
446,43,107
447,43,575
448,43,368
449,43,218
450,43,371
451,43,150
452,44,60
453,44,122
454,44,131
455,44,430
456,44,517
457,44,381
458,44,400
459,45,104
460,45,351
461,45,666
462,45,510
463,46,1
464,46,374
465,46,410
466,46,574
467,46,101
468,46,561
469,46,88
470,47,252
471,47,150
472,47,530
473,47,206
474,47,651
475,47,664
476,47,463
477,47,654
478,47,551
479,47,394
480,47,257
481,47,685
482,47,298
483,47,211
484,47,1
485,47,614
486,47,513
487,48,86
488,48,23
489,48,275
490,48,507
491,48,122
492,48,235
493,48,666
494,48,583
495,48,552
496,49,586
497,49,27
498,49,668
499,49,259
500,50,89
501,50,379
502,50,436
503,50,243
504,51,687
505,51,380
506,51,25
507,51,354
508,51,51
509,51,109
510,51,576
511,51,400
512,51,654
513,51,528
514,51,155
515,51,607
516,51,492
517,51,603
518,52,462
519,52,632
520,52,170
521,52,327
522,52,502
523,52,209
524,52,408
525,52,244
526,52,420
527,52,15
528,52,538
529,52,619
530,52,74
531,52,429
532,52,684
533,52,262
534,53,169
535,53,415
536,53,156
537,53,324
538,53,60
539,53,29
540,53,583
541,53,58
542,53,256
543,53,401
544,53,586
545,53,81
546,53,274
547,53,234
548,53,347
549,53,656
550,53,377
551,53,242
552,53,565
553,54,698
554,54,562
555,54,503
556,54,649
557,54,41
558,54,682
559,55,89
560,55,503
561,55,51
562,55,657
563,55,128
564,55,378
565,55,216
566,55,27
567,55,435
568,55,78
569,55,166
570,55,634
571,55,696
572,55,565
573,55,161
574,55,235
575,55,81
576,55,422
577,55,19
578,55,156
579,56,355
580,56,456
581,56,272
582,56,159
583,56,512
584,56,694
585,56,498
586,56,245
587,56,345
588,56,562
589,56,195
590,56,239
591,56,676
592,56,186
593,56,424
594,56,135
595,56,158
596,56,79
597,56,367
598,57,309
599,57,256
600,57,304
601,57,306
602,57,210
603,57,3
604,57,457
605,58,597
606,58,279
607,58,37
608,58,293
609,58,611
610,58,463
611,58,188
612,58,221
613,58,242
614,58,410
615,58,479
616,58,283
617,58,331
618,58,510
619,58,384
620,58,624
621,58,503
622,58,637
623,58,12
624,59,361
625,60,391
626,60,116
627,60,169
628,60,171
629,60,284
630,60,23
631,60,14
632,60,198
633,60,113
634,60,322
635,60,302
636,60,204
637,60,597
638,60,670
639,60,333
640,61,592
641,61,310
642,61,182
643,61,656
644,61,607
645,61,13
646,61,308
647,61,471
648,61,204
649,62,448
650,62,540
651,62,319
652,62,662
653,62,278
654,62,502
655,62,652
656,62,322
657,62,362
658,62,568
659,62,65
660,62,139
661,62,194
662,62,640
663,62,658
664,62,458
665,62,419
666,63,490
667,63,117
668,63,125
669,63,396
670,63,208
671,63,689
672,63,355
673,63,526
674,63,218
675,63,601
676,63,184
677,63,657
678,63,442
679,63,238
680,64,679
681,65,403
682,65,528
683,65,350
684,65,264
685,65,659
686,66,84
687,66,266
688,66,617
689,66,404
690,66,370
691,66,59
692,66,236
693,66,252
694,66,439
695,66,663
696,66,165
697,66,540
698,67,379
699,67,219
700,67,328
701,67,451
702,67,46
703,68,344
704,68,586
705,68,397
706,68,520
707,68,641
708,68,496
709,68,66
710,68,229
711,68,616
712,68,176
713,68,91
714,68,55
715,68,532
716,68,517
717,68,237
718,68,149
719,68,112
720,68,31
721,68,653
722,68,29
723,69,35
724,69,100
725,69,344
726,69,628
727,69,695
728,69,188
729,69,41
730,69,598
731,69,665
732,69,499
733,69,334
734,69,354
735,69,663
736,69,127
737,69,468
738,69,73
739,69,112
740,70,290
741,70,439
742,70,655
743,70,591
744,70,565
745,70,292
746,70,379
747,70,572
748,70,237
749,70,419
750,70,536
751,70,216
752,70,691
753,70,436
754,71,357
755,71,516
756,71,287
757,71,515
758,71,141
759,71,10
760,71,384
761,71,174
762,71,132
763,71,5
764,71,604
765,72,571
766,72,498
767,72,430
768,72,47
769,72,631
770,72,56
771,72,522
772,73,27
773,73,433
774,73,190
775,73,549
776,73,214
777,73,48
778,73,456
779,73,70
780,73,412
781,73,356
782,73,95
783,73,426
784,73,31
785,73,648
786,74,533
787,74,528
788,74,368
789,74,565
790,74,208
791,74,686
792,74,307
793,74,201
794,74,536
795,74,562
796,74,688
797,74,88
798,74,663
799,74,223
800,74,401
801,74,114
802,74,262
803,75,146
804,75,264
805,75,352
806,75,457
807,75,330
808,75,104
809,75,371
810,75,344
811,75,485
812,75,542
813,75,516
814,75,245
815,75,55
816,75,425
817,75,590
818,75,0
819,75,42
820,75,640
821,75,92
822,75,662
823,76,245
824,76,188
825,76,657
826,76,699
827,77,581
828,77,115
829,77,579
830,77,341
831,77,340
832,77,271
833,77,573
834,77,441
835,77,697
836,78,72
837,78,84
838,78,615
839,78,394
840,78,338
841,78,567
842,78,591
843,78,217
844,79,678
845,79,406
846,79,355
847,79,197
848,79,141
849,79,279
850,79,385
851,79,544
852,79,423
853,79,341
854,79,81
855,79,589
856,79,376
857,79,97
858,79,43
859,79,502
860,79,107
861,79,178
862,80,574
863,80,674
864,80,241
865,80,409
866,80,214
867,80,567
868,80,233
869,81,237
870,81,554
871,81,666
872,81,163
873,81,189
874,81,91
875,81,458
876,81,211
877,81,344
878,81,418
879,81,42
880,81,575
881,81,63
882,81,353
883,81,695
884,81,86
885,82,271
886,82,392
887,82,633
888,82,598
889,82,533
890,82,190
891,82,300
892,82,581
893,82,676
894,82,228
895,82,511
896,82,74
897,82,634
898,82,195
899,82,472
900,83,86
901,83,588
902,83,470
903,83,308
904,83,322
905,83,175
906,83,595
907,83,563
908,83,259
909,83,158
910,83,670
911,83,638
912,84,239
913,84,206
914,84,119
915,84,566
916,84,664
917,84,553
918,84,298
919,84,393
920,84,694
921,84,455
922,84,22
923,84,130
924,84,27
925,84,361
926,84,625
927,84,575
928,84,261
929,84,84
930,84,343
931,85,321
932,85,339
933,85,448
934,85,387
935,85,265
936,85,176
937,85,192
938,86,302
939,86,254
940,86,59
941,86,486
942,86,586
943,86,587
944,86,580
945,86,138
946,86,97
947,86,183
948,86,373
949,86,460
950,86,14
951,86,93
952,86,370
953,86,455
954,86,351
955,86,45
956,86,528
957,86,502
958,87,550
959,87,244
960,87,674
961,87,284
962,87,61
963,87,46
964,88,421
965,88,449
966,88,419
967,88,256
968,88,236
969,88,86
970,88,278
971,89,376
972,89,415
973,89,343
974,89,152
975,89,251
976,89,50
977,89,508
978,89,13
979,89,562
980,89,186
981,89,138
982,89,387
983,89,224
984,89,187
985,89,616
986,89,56
987,89,558
988,89,43
989,90,238
990,90,628
991,91,528
992,91,352
993,91,322
994,91,513
995,91,169
996,92,2
997,92,311
998,92,383
999,92,205
1000,92,373
1001,92,63
1002,92,260
1003,92,479
1004,93,466
1005,93,47
1006,93,563
1007,93,617
1008,93,413
1009,93,698
1010,93,408
1011,93,479
1012,93,696
1013,93,598
1014,93,80
1015,94,639
1016,94,235
1017,94,47
1018,94,506
1019,94,110
1020,94,121
1021,94,332
1022,94,258
1023,94,659
1024,94,631
1025,94,508
1026,94,406
1027,94,62
1028,94,651
1029,95,10
1030,95,403
1031,95,98
1032,95,655
1033,95,640
1034,95,600
1035,95,555
1036,95,486
1037,95,426
1038,95,153
1039,95,659
1040,95,506
1041,96,394
1042,96,165
1043,96,563
1044,96,476
1045,96,101
1046,96,525
1047,96,442
1048,96,89
1049,96,180
1050,96,161
1051,96,401
1052,96,363
1053,97,606
1054,97,397
1055,97,517
1056,97,541
1057,97,661
1058,97,504
1059,97,565
1060,97,353
1061,97,625
1062,97,84
1063,97,298
1064,97,663
1065,97,264
1066,97,113
1067,97,678
1068,97,334
1069,97,599
1070,97,482
1071,98,625
1072,98,494
1073,98,524
1074,98,2
1075,98,213
1076,98,571
1077,98,557
1078,98,18
1079,98,157
1080,98,562
1081,98,135
1082,98,459
1083,98,108
1084,98,23
1085,98,619
1086,99,560
1087,99,154
1088,99,513
1089,99,604
1090,100,286
1091,101,20
1092,101,263
1093,101,464
1094,101,234
1095,101,587
1096,101,589
1097,101,223
1098,101,330
1099,101,212
1100,101,325
1101,101,112
1102,101,23
1103,101,44
1104,101,404
1105,101,371
1106,101,303
1107,102,523
1108,102,26
1109,102,529
1110,102,21
1111,102,629
1112,102,502
1113,102,129
1114,102,267
1115,102,249
1116,102,600
1117,102,513
1118,102,443
1119,102,84
1120,102,666
1121,102,330
1122,102,546
1123,102,339
1124,102,99
1125,103,56
1126,103,311
1127,103,531
1128,103,558
1129,103,482
1130,103,422
1131,103,455
1132,103,509
1133,103,554
1134,103,39
1135,103,44
1136,103,528
1137,103,406
1138,103,341
1139,103,498
1140,103,283
1141,103,134
1142,103,256
1143,104,326
1144,104,614
1145,104,279
1146,104,201
1147,104,548
1148,104,174
1149,104,618
1150,104,383
1151,104,436
1152,104,597
1153,105,578
1154,105,363
1155,105,478
1156,105,143
1157,105,496
1158,105,100
1159,105,7
1160,106,41
1161,106,425
1162,106,531
1163,106,268
1164,106,316
1165,106,689
1166,106,258
1167,106,232
1168,106,184
1169,107,330
1170,107,93
1171,107,469
1172,107,47
1173,107,223
1174,107,405
1175,107,363
1176,107,87
1177,107,230
1178,108,409
1179,108,61
1180,108,12
1181,108,153
1182,108,15
1183,108,324
1184,108,459
1185,108,439
1186,108,100
1187,108,330
1188,109,532
1189,109,259
1190,109,531
1191,110,462
1192,110,218
1193,110,150
1194,110,590
1195,110,87
1196,110,648
1197,110,109
1198,110,171
1199,110,458
1200,110,282
1201,110,529
1202,110,35
1203,110,413
1204,111,599
1205,111,87
1206,111,351
1207,111,365
1208,111,145
1209,112,352
1210,112,604
1211,112,693
1212,112,643
1213,112,82
1214,112,129
1215,112,120
1216,112,457
1217,112,508
1218,112,617
1219,112,127
1220,112,182
1221,112,357
1222,112,449
1223,113,239
1224,113,217
1225,114,328
1226,114,492
1227,114,97
1228,114,494
1229,114,91
1230,114,282
1231,114,571
1232,114,177
1233,114,418
1234,114,444
1235,114,4
1236,114,178
1237,114,690
1238,114,503
1239,114,17
1240,114,601
1241,114,206
1242,114,419
1243,114,100
1244,114,677
1245,115,146
1246,115,102
1247,115,436
1248,115,338
1249,115,160
1250,115,619
1251,115,637
1252,115,214
1253,115,470
1254,115,247
1255,115,96
1256,115,462
1257,115,616
1258,115,399
1259,115,77
1260,115,354
1261,115,353
1262,116,565
1263,116,426
1264,116,568
1265,117,561
1266,117,310
1267,117,650
1268,117,69
1269,117,423
1270,117,328
1271,117,209
1272,118,495
1273,118,346
1274,118,220
1275,118,288
1276,118,484
1277,118,189
1278,118,49
1279,118,485
1280,118,267
1281,119,246
1282,119,625
1283,119,646
1284,119,385
1285,119,686
1286,119,170
1287,119,290
1288,119,466
1289,119,558
1290,119,298
1291,119,615
1292,119,35
1293,120,90
1294,120,533
1295,120,304
1296,120,215
1297,120,404
1298,120,657
1299,120,33
1300,120,162
1301,120,186
1302,121,372
1303,121,388
1304,121,230
1305,121,304
1306,121,290
1307,121,505
1308,121,305
1309,121,73
1310,121,408
1311,121,490
1312,121,503
1313,121,403
1314,121,501
1315,121,327
1316,121,20
1317,121,74
1318,121,218
1319,122,248
1320,122,134
1321,122,377
1322,122,74
1323,122,53
1324,122,534
1325,122,442
1326,122,149
1327,122,609
1328,123,68
1329,123,148
1330,123,33
1331,123,227
1332,123,493
1333,123,274
1334,123,586
1335,124,49
1336,124,253
1337,124,496
1338,124,365
1339,124,384
1340,124,166
1341,124,11
1342,124,354
1343,124,178
1344,124,660
1345,124,642
1346,124,552
1347,124,674
1348,124,461
1349,124,191
1350,124,676
1351,124,521
1352,124,143
1353,124,184
1354,125,638
1355,125,295
1356,125,120
1357,125,28
1358,125,408
1359,125,389
1360,125,112
1361,125,685
1362,125,505
1363,125,312
1364,125,187
1365,125,465
1366,125,589
1367,125,72
1368,125,409
1369,125,0
1370,125,622
1371,125,394
1372,125,348
1373,126,470
1374,126,489
1375,126,141
1376,126,36
1377,126,204
1378,126,520
1379,126,87
1380,126,678
1381,126,79
1382,126,112
1383,126,249
1384,127,506
1385,127,158
1386,127,386
1387,127,582
1388,127,164
1389,127,464
1390,127,518
1391,127,639
1392,127,59
1393,127,74
1394,128,685
1395,128,149
1396,128,587
1397,128,621
1398,128,85
1399,128,382
1400,128,361
1401,128,668
1402,128,651
1403,128,177
1404,128,260
1405,128,72
1406,128,29
1407,129,332
1408,129,486
1409,129,53
1410,129,295
1411,129,47
1412,129,208
1413,129,575
1414,129,616
1415,129,412
1416,129,209
1417,129,285
1418,129,179
1419,129,71
1420,129,667
1421,129,104
1422,129,428
1423,129,239
1424,129,582
1425,129,509
1426,129,474
1427,130,475
1428,130,598
1429,130,602
1430,130,553
1431,130,34
1432,130,611
1433,130,678
1434,130,443
1435,130,276
1436,131,202
1437,131,132
1438,131,302
1439,131,389
1440,131,173
1441,131,308
1442,131,272
1443,131,456
1444,131,474
1445,131,693
1446,131,126
1447,131,478
1448,131,232
1449,132,318
1450,132,153
1451,132,321
1452,132,302
1453,132,692
1454,133,259
1455,133,316
1456,133,576
1457,133,332
1458,134,513
1459,134,185
1460,134,680
1461,135,175
1462,135,608
1463,135,9
1464,135,257
1465,135,530
1466,135,64
1467,135,6
1468,135,34
1469,135,487
1470,135,540
1471,135,171
1472,135,203
1473,136,193
1474,136,354
1475,136,228
1476,136,535
1477,136,161
1478,136,158
1479,136,692
1480,136,505
1481,136,632
1482,136,350
1483,136,497
1484,136,196
1485,136,276
1486,136,602
1487,136,458
1488,137,452
1489,137,152
1490,137,223
1491,137,454
1492,137,89
1493,137,20
1494,137,544
1495,137,378
1496,137,166
1497,137,298
1498,137,180
1499,137,47
1500,137,638
1501,137,501
1502,137,138
1503,137,420
1504,138,451
1505,138,267
1506,138,354
1507,139,451
1508,139,181
1509,139,441
1510,139,246
1511,139,190
1512,139,528
1513,139,448
1514,139,139
1515,139,208
1516,139,626
1517,139,188
1518,139,579
1519,140,249
1520,140,320
1521,140,354
1522,140,452
1523,140,521
1524,141,173
1525,141,38
1526,141,303
1527,141,591
1528,141,661
1529,141,433
1530,141,36
1531,142,247
1532,142,686
1533,142,691
1534,142,128
1535,142,465
1536,142,304
1537,143,583
1538,143,695
1539,143,361
1540,143,553
1541,143,433
1542,143,393
1543,143,494
1544,143,198
1545,143,525
1546,143,291
1547,143,569
1548,143,462
1549,143,649
1550,143,4
1551,143,270
1552,143,21
1553,143,310
1554,143,231
1555,144,124
1556,144,692
1557,144,336
1558,144,4
1559,144,527
1560,144,283
1561,144,225
1562,144,163
1563,144,422
1564,144,597
1565,144,622
1566,144,640
1567,144,11
1568,144,561
1569,145,141
1570,145,571
1571,145,319
1572,145,479
1573,145,172
1574,145,693
1575,146,236
1576,147,142
1577,147,666
1578,147,469
1579,147,452
1580,147,353
1581,147,428
1582,147,85
1583,147,601
1584,147,194
1585,147,614
1586,147,397
1587,147,74
1588,147,313
1589,147,524
1590,147,602
1591,147,481
1592,147,544
1593,148,392
1594,148,422
1595,148,224
1596,148,669
1597,148,107
1598,148,449
1599,148,302
1600,148,698
1601,148,83
1602,148,16
1603,148,363
1604,148,520
1605,148,503
1606,148,56
1607,149,472
1608,149,684
1609,149,403
1610,149,82
1611,149,688
1612,149,620
1613,149,76
1614,149,402
1615,149,364
1616,149,599
1617,149,404
1618,149,568
1619,150,67
1620,150,529
1621,150,89
1622,150,537
1623,150,201
1624,150,107
1625,150,197
1626,150,459
1627,150,240
1628,150,340
1629,150,634
1630,150,439
1631,150,501
1632,150,645
1633,150,282
1634,150,298
1635,150,94
1636,150,631
1637,150,119
1638,151,470
1639,151,61
1640,151,430
1641,151,600
1642,151,589
1643,152,36
1644,152,630
1645,152,300
1646,152,58
1647,152,356
1648,152,504
1649,152,200
1650,152,222
1651,152,287
1652,152,102
1653,152,15
1654,152,258
1655,152,23
1656,152,296
1657,152,698
1658,152,252
1659,153,504
1660,153,459
1661,153,279
1662,153,173
1663,153,567
1664,153,253
1665,153,503
1666,153,526
1667,153,486
1668,153,630
1669,153,40
1670,153,131
1671,154,655
1672,154,109
1673,154,633
1674,154,543
1675,154,66
1676,154,238
1677,154,78
1678,154,101
1679,154,150
1680,154,86
1681,155,586
1682,155,28
1683,155,197
1684,155,4
1685,156,381
1686,156,27
1687,156,52
1688,156,497
1689,156,477
1690,156,562
1691,156,473
1692,156,2
1693,156,443
1694,156,500
1695,156,162
1696,156,495
1697,156,534
1698,156,542
1699,157,393
1700,157,0
1701,157,73
1702,157,528
1703,157,47
1704,157,55
1705,157,403
1706,157,258
1707,157,58
1708,157,655
1709,157,65
1710,157,235
1711,157,18
1712,157,197
1713,157,45
1714,157,489
1715,157,353
1716,157,366
1717,157,436
1718,157,93
1719,158,266
1720,158,130
1721,158,620
1722,158,630
1723,158,13
1724,158,362
1725,159,598
1726,159,196
1727,159,356
1728,159,322
1729,159,374
1730,159,396
1731,159,198
1732,159,479
1733,159,510
1734,159,216
1735,159,442
1736,159,5
1737,159,186
1738,159,111
1739,159,331
1740,160,73
1741,160,393
1742,160,246
1743,160,601
1744,160,320
1745,160,420
1746,160,390
1747,160,86
1748,160,241
1749,160,594
1750,160,344
1751,160,490
1752,160,197
1753,160,467
1754,160,446
1755,160,26
1756,160,262
1757,160,209
1758,160,10
1759,160,236
1760,161,665
1761,161,401
1762,161,580
1763,161,260
1764,161,699
1765,161,350
1766,161,674
1767,161,36
1768,161,17
1769,161,213
1770,161,532
1771,161,436
1772,161,423
1773,161,304
1774,161,96
1775,161,462
1776,161,43
1777,161,623
1778,161,237
1779,162,302
1780,162,572
1781,162,690
1782,163,534
1783,163,308
1784,163,476
1785,163,233
1786,163,396
1787,163,463
1788,163,291
1789,163,90
1790,163,224
1791,163,508
1792,163,338
1793,163,399
1794,163,258
1795,163,478
1796,163,647
1797,163,320
1798,163,124
1799,163,26
1800,163,593
1801,164,410
1802,164,7
1803,164,196
1804,165,650
1805,166,62
1806,166,557
1807,166,58
1808,166,52
1809,166,500
1810,166,19
1811,166,477
1812,166,443
1813,166,593
1814,166,319
1815,166,118
1816,166,322
1817,166,348
1818,166,415
1819,167,680
1820,168,465
1821,169,606
1822,169,179
1823,169,694
1824,169,503
1825,169,176
1826,169,47
1827,169,569
1828,169,627
1829,169,679
1830,169,393
1831,169,517
1832,170,582
1833,170,454
1834,170,639
1835,170,513
1836,171,218
1837,171,345
1838,171,452
1839,171,275
1840,171,483
1841,171,343
1842,171,163
1843,171,66
1844,171,83
1845,171,293
1846,171,376
1847,171,146
1848,171,436
1849,171,432
1850,171,350
1851,172,559
1852,172,148
1853,172,43
1854,172,630
1855,172,289
1856,172,105
1857,172,168
1858,172,417
1859,172,4
1860,172,525
1861,172,593
1862,172,18
1863,172,338
1864,173,299
1865,173,171
1866,173,278
1867,173,567
1868,173,595
1869,174,212
1870,174,297
1871,174,492
1872,174,605
1873,174,26
1874,174,435
1875,174,470
1876,174,300
1877,174,128
1878,174,697
1879,174,78
1880,174,72
1881,174,130
1882,174,306
1883,174,316
1884,174,648
1885,174,11
1886,174,633
1887,175,457
1888,175,645
1889,175,610
1890,175,133
1891,175,287
1892,175,320
1893,175,467
1894,175,413
1895,175,92
1896,175,327
1897,175,463
1898,175,207
1899,176,35
1900,176,201
1901,176,674
1902,176,443
1903,176,440
1904,176,352
1905,176,637
1906,176,493
1907,176,178
1908,176,215
1909,176,532
1910,176,322
1911,176,260
1912,176,429
1913,176,315
1914,176,339
1915,176,638
1916,176,601
1917,176,537
1918,176,454
1919,177,237
1920,177,31
1921,177,485
1922,178,592
1923,178,469
1924,178,691
1925,178,430
1926,179,412
1927,179,524
1928,179,416
1929,179,178
1930,179,470
1931,179,102
1932,179,421
1933,179,499
1934,179,440
1935,179,189
1936,179,658
1937,179,616
1938,179,505
1939,179,535
1940,179,669
1941,179,516
1942,180,289
1943,181,96
1944,181,231
1945,181,294
1946,181,6
1947,181,409
1948,181,75
1949,181,462
1950,181,674
1951,181,389
1952,181,301
1953,181,311
1954,181,619
1955,181,259
1956,181,20
1957,182,118
1958,182,173
1959,182,166
1960,182,177
1961,182,15
1962,182,418
1963,182,194
1964,182,165
1965,182,670
1966,182,465
1967,182,436
1968,182,692
1969,182,525
1970,182,347
1971,182,263
1972,182,256
1973,182,69
1974,182,77
1975,183,35
1976,183,504
1977,183,528
1978,183,390
1979,183,489
1980,183,537
1981,183,436
1982,183,646
1983,183,497
1984,183,349
1985,183,662
1986,183,316
1987,183,564
1988,183,333
1989,183,202
1990,183,19
1991,183,412
1992,183,119
1993,183,300
1994,184,563
1995,184,135
1996,184,1
1997,184,657
1998,184,403
1999,184,117
2000,184,265
2001,184,534
2002,184,512
2003,184,261
2004,184,145
2005,184,401
2006,184,681
2007,185,623
2008,185,395
2009,185,344
2010,185,682
2011,185,404
2012,185,666
2013,185,329
2014,185,557
2015,185,226
2016,185,421
2017,186,201
2018,186,125
2019,186,672
2020,186,561
2021,186,362
2022,186,275
2023,186,324
2024,186,16
2025,186,589
2026,186,670
2027,186,61
2028,186,664
2029,186,151
2030,186,538
2031,186,259
2032,187,660
2033,188,2
2034,188,125
2035,188,446
2036,188,133
2037,188,567
2038,188,511
2039,188,158
2040,188,690
2041,188,308
2042,188,585
2043,188,285
2044,188,657
2045,188,282
2046,188,326
2047,188,19
2048,188,162
2049,188,529
2050,188,376
2051,188,692
2052,189,539
2053,189,28
2054,189,518
2055,189,426
2056,189,620
2057,189,610
2058,189,385
2059,189,638
2060,189,357
2061,189,383
2062,189,454
2063,189,684
2064,189,295
2065,189,660
2066,189,626
2067,189,662
2068,189,392
2069,189,220
2070,189,51
2071,189,269
2072,190,229
2073,190,120
2074,190,240
2075,190,264
2076,190,370
2077,190,540
2078,190,53
2079,190,588
2080,190,327
2081,190,12
2082,190,620
2083,190,304
2084,191,237
2085,191,139
2086,191,60
2087,191,586
2088,191,83
2089,191,666
2090,191,496
2091,191,690
2092,191,267
2093,191,558
2094,191,23
2095,191,676
2096,191,583
2097,191,118
2098,191,506
2099,191,380
2100,191,240
2101,191,592
2102,192,349
2103,192,622
2104,192,578
2105,192,542
2106,193,367
2107,193,122
2108,193,474
2109,193,100
2110,193,55
2111,193,225
2112,193,192
2113,193,176
2114,193,334
2115,194,273
2116,194,234
2117,194,561
2118,194,634
2119,194,396
2120,195,434
2121,195,303
2122,195,699
2123,195,33
2124,195,43
2125,195,92
2126,195,12
2127,195,472
2128,195,86
2129,195,345
2130,195,473
2131,195,71
2132,195,491
2133,196,412
2134,196,579
2135,196,382
2136,196,122
2137,196,147
2138,196,86
2139,196,474
2140,196,110
2141,196,249
2142,196,177
2143,196,142
2144,196,425
2145,196,230
2146,196,194
2147,196,123
2148,196,387
2149,196,18
2150,196,221
2151,197,25
2152,197,151
2153,197,697
2154,197,311
2155,197,585
2156,197,381
2157,197,460
2158,198,101
2159,198,159
2160,198,459
2161,198,136
2162,198,268
2163,198,18
2164,198,282
2165,198,566
2166,198,300
2167,198,375
2168,198,296
2169,199,469
2170,199,344
2171,200,161
2172,201,99
2173,201,422
2174,201,598
2175,201,136
2176,201,26
2177,201,204
2178,201,588
2179,202,240
2180,202,426
2181,202,483
2182,202,393
2183,202,563
2184,202,164
2185,202,665
2186,202,616
2187,202,180
2188,202,116
2189,203,289
2190,203,122
2191,203,621
2192,203,93
2193,203,672
2194,203,214
2195,203,499
2196,203,203
2197,203,465
2198,203,309
2199,203,282
2200,204,565
2201,204,160
2202,204,221
2203,205,390
2204,205,85
2205,206,623
2206,206,109
2207,206,580
2208,206,249
2209,206,42
2210,206,184
2211,207,221
2212,207,87
2213,207,514
2214,208,460
2215,208,328
2216,208,668
2217,208,365
2218,208,5
2219,208,455
2220,208,181
2221,208,208
2222,208,310
2223,209,649
2224,209,204
2225,209,428
2226,209,145
2227,209,166
2228,209,358
2229,209,641
2230,209,63
2231,209,159
2232,209,361
2233,210,216
2234,210,577
2235,210,391
2236,210,433
2237,210,451
2238,210,368
2239,210,116
2240,210,392
2241,210,236
2242,210,445
2243,210,110
2244,210,637
2245,210,104
2246,210,387
2247,210,66
2248,210,154
2249,210,281
2250,210,677
2251,211,384
2252,211,686
2253,211,378
2254,211,515
2255,211,525
2256,211,548
2257,211,120
2258,211,407
2259,211,504
2260,211,610
2261,211,606
2262,211,474
2263,211,176
2264,211,16
2265,211,391
2266,212,445
2267,212,264
2268,212,75
2269,212,631
2270,212,367
2271,212,556
2272,212,95
2273,212,569
2274,213,555
2275,213,589
2276,213,320
2277,213,402
2278,213,46
2279,213,184
2280,213,521
2281,213,609
2282,213,448
2283,213,264
2284,213,1
2285,213,2
2286,213,405
2287,213,241
2288,213,14
2289,214,122
2290,214,112
2291,214,447
2292,215,2
2293,215,674
2294,216,630
2295,216,185
2296,216,167
2297,217,690
2298,218,513
2299,218,249
2300,218,406
2301,218,697
2302,218,44
2303,218,431
2304,218,235
2305,218,86
2306,218,186
2307,218,148
2308,218,413
2309,218,145
2310,218,70
2311,218,414
2312,218,216
2313,218,389
2314,218,141
2315,218,297
2316,218,477
2317,219,524
2318,219,514
2319,219,31
2320,219,356
2321,219,86
2322,219,207
2323,219,56
2324,219,398
2325,219,287
2326,219,156
2327,219,425
2328,219,546
2329,219,446
2330,219,8
2331,220,274
2332,220,4
2333,220,218
2334,220,97
2335,220,21
2336,220,356
2337,220,92
2338,220,291
2339,220,554
2340,220,288
2341,220,579
2342,220,692
2343,220,639
2344,220,115
2345,220,253
2346,220,676
2347,220,255
2348,220,661
2349,220,226
2350,220,168
2351,221,578
2352,222,452
2353,222,427
2354,222,182
2355,222,648
2356,223,219
2357,223,477
2358,223,271
2359,223,343
2360,223,585
2361,223,359
2362,223,275
2363,223,628
2364,223,120
2365,223,207
2366,223,143
2367,223,480
2368,223,305
2369,223,517
2370,223,169
2371,223,432
2372,223,637
2373,223,235
2374,223,327
2375,224,469
2376,224,495
2377,224,9
2378,224,86
2379,224,427
2380,224,259
2381,224,645
2382,224,509
2383,224,116
2384,224,658
2385,224,87
2386,224,396
2387,224,417
2388,224,478
2389,224,432
2390,224,614
2391,224,444
2392,224,659
2393,224,673
2394,224,348
2395,225,394
2396,225,527
2397,225,111
2398,225,211
2399,225,220
2400,225,567
2401,225,660
2402,225,272
2403,225,25
2404,225,439
2405,225,114
2406,225,204
2407,225,568
2408,225,429
2409,225,298
2410,225,85
2411,225,558
2412,225,655
2413,225,612
2414,226,256
2415,226,474
2416,226,206
2417,226,281
2418,226,292
2419,227,689
2420,227,267
2421,227,94
2422,227,339
2423,227,67
2424,227,621
2425,227,69
2426,227,90
2427,227,150
2428,227,149
2429,227,38
2430,227,60
2431,227,179
2432,227,183
2433,227,70
2434,228,289
2435,228,311
2436,228,565
2437,228,508
2438,228,41
2439,228,358
2440,228,116
2441,228,634
2442,228,511
2443,228,564
2444,228,394
2445,228,137
2446,228,303
2447,228,509
2448,229,409
2449,230,637
2450,230,156
2451,230,106
2452,230,664
2453,230,428
2454,230,180
2455,230,162
2456,230,63
2457,230,30
2458,230,213
2459,230,681
2460,230,14
2461,230,146
2462,231,183
2463,231,41
2464,231,480
2465,231,506
2466,232,626
2467,232,401
2468,232,698
2469,232,671
2470,232,59
2471,232,354
2472,233,329
2473,233,287
2474,233,210
2475,233,109
2476,233,22
2477,233,68
2478,234,454
2479,234,244
2480,234,27
2481,234,365
2482,234,637
2483,234,567
2484,234,395
2485,234,0
2486,234,404
2487,234,92
2488,234,163
2489,234,246
2490,234,447
2491,234,211
2492,234,653
2493,234,602
2494,234,610
2495,234,371
2496,235,390
2497,235,267
2498,235,487
2499,235,606
2500,235,245
2501,235,448
2502,235,213
2503,235,374
2504,235,631
2505,235,286
2506,235,692
2507,235,676
2508,235,651
2509,235,474
2510,235,75
2511,235,235
2512,235,4
2513,235,564
2514,236,600
2515,236,447
2516,236,429
2517,236,546
2518,236,291
2519,236,315
2520,236,374
2521,236,112
2522,236,121
2523,237,154
2524,238,268
2525,238,487
2526,238,5
2527,238,110
2528,238,330
2529,238,68
2530,238,185
2531,238,362
2532,238,118
2533,238,90
2534,239,569
2535,239,384
2536,239,341
2537,239,236
2538,240,297
2539,240,350
2540,240,305
2541,240,82
2542,240,627
2543,240,638
2544,240,100
2545,240,336
2546,240,159
2547,240,255
2548,240,444
2549,240,454
2550,240,689
2551,240,646
2552,240,123
2553,240,183
2554,241,352
2555,241,338
2556,241,651
2557,241,205
2558,241,64
2559,241,41
2560,241,220
2561,241,400
2562,241,263
2563,241,72
2564,241,656
2565,241,183
2566,242,75
2567,242,155
2568,242,678
2569,243,44
2570,243,356
2571,243,407
2572,243,257
2573,243,82
2574,243,197
2575,243,126
2576,243,167
2577,243,355
2578,243,672
2579,243,426
2580,243,164
2581,243,381
2582,243,145
2583,244,284
2584,244,230
2585,244,224
2586,244,157
2587,244,214
2588,244,303
2589,244,259
2590,244,673
2591,244,412
2592,244,438
2593,244,140
2594,244,207
2595,244,335
2596,244,569
2597,244,671
2598,244,538
2599,244,302
2600,244,417
2601,244,73
2602,244,122
2603,245,66
2604,245,163
2605,245,202
2606,245,220
2607,245,449
2608,245,409
2609,245,140
2610,245,357
2611,245,353
2612,245,689
2613,245,247
2614,245,77
2615,245,328
2616,245,96
2617,245,415
2618,245,607
2619,245,178
2620,246,419
2621,246,128
2622,246,452
2623,246,373
2624,246,246
2625,246,520
2626,246,118
2627,246,461
2628,246,473
2629,246,273
2630,246,658
2631,246,621
2632,247,294
2633,247,60
2634,247,206
2635,247,304
2636,247,547
2637,247,611
2638,247,450
2639,247,157
2640,247,109
2641,247,83
2642,247,471
2643,247,16
2644,247,351
2645,247,485
2646,248,695
2647,248,487
2648,248,328
2649,248,647
2650,248,112
2651,248,141
2652,248,275
2653,248,214
2654,248,336
2655,248,631
2656,248,51
2657,248,406
2658,248,322
2659,248,254
2660,248,147
2661,248,14
2662,248,536
2663,248,679
2664,249,438
2665,249,293
2666,249,530
2667,249,310
2668,249,269
2669,249,212
2670,249,669
2671,249,473
2672,249,126
2673,249,548
2674,249,677
2675,249,611
2676,250,371
2677,250,213
2678,250,493
2679,250,97
2680,250,530
2681,250,211
2682,250,0
2683,250,533
2684,251,437
2685,251,310
2686,251,290
2687,251,405
2688,251,590
2689,251,317
2690,251,485
2691,251,436
2692,251,276
2693,251,346
2694,251,544
2695,251,342
2696,251,227
2697,251,204
2698,251,536
2699,251,137
2700,251,491
2701,251,147
2702,251,257
2703,252,368
2704,252,630
2705,252,484
2706,252,237
2707,252,462
2708,252,306
2709,252,90
2710,252,530
2711,252,45
2712,252,75
2713,252,652
2714,252,615
2715,253,33
2716,253,435
2717,253,450
2718,253,271
2719,253,149
2720,254,162
2721,254,388
2722,254,690
2723,254,675
2724,254,80
2725,254,367
2726,254,241
2727,254,583
2728,254,657
2729,254,134
2730,254,409
2731,254,402
2732,254,89
2733,254,496
2734,254,189
2735,254,610
2736,254,441
2737,254,240
2738,254,435
2739,255,57
2740,255,182
2741,255,170
2742,255,221
2743,255,583
2744,255,249
2745,255,115
2746,255,677
2747,255,146
2748,255,494
2749,255,307
2750,255,606
2751,255,291
2752,255,575
2753,255,206
2754,255,663
2755,256,490
2756,256,641
2757,256,210
2758,256,664
2759,256,160
2760,256,33
2761,256,264
2762,256,561
2763,256,527
2764,256,649
2765,256,165
2766,257,193
2767,258,33
2768,258,492
2769,258,429
2770,258,491
2771,258,198
2772,258,134
2773,258,186
2774,258,416
2775,258,686
2776,258,38
2777,258,666
2778,258,468
2779,258,255
2780,258,393
2781,258,370
2782,258,661
2783,258,114
2784,258,616
2785,258,52
2786,259,236
2787,259,683
2788,259,401
2789,259,40
2790,259,572
2791,259,673
2792,259,27
2793,259,14
2794,259,272
2795,259,165
2796,259,609
2797,259,172
2798,259,150
2799,259,302
2800,259,136
2801,259,461
2802,259,630
2803,259,1
2804,259,573
2805,259,55
2806,260,477
2807,260,441
2808,260,249
2809,260,516
2810,260,162
2811,260,57
2812,260,605
2813,260,173
2814,260,146
2815,260,142
2816,260,66
2817,260,510
2818,260,84
2819,260,245
2820,260,462
2821,260,345
2822,260,445
2823,260,339
2824,261,77
2825,261,510
2826,261,376
2827,261,272
2828,261,207
2829,261,51
2830,261,6
2831,261,27
2832,261,37
2833,261,465
2834,261,412
2835,261,201
2836,261,60
2837,261,619
2838,261,618
2839,261,252
2840,261,506
2841,261,172
2842,261,216
2843,261,157
2844,262,506
2845,262,361
2846,262,430
2847,262,57
2848,262,261
2849,262,258
2850,262,60
2851,262,263
2852,262,310
2853,262,492
2854,262,75
2855,263,195
2856,263,381
2857,263,67
2858,263,424
2859,263,539
2860,264,565
2861,264,482
2862,264,640
2863,264,611
2864,264,584
2865,264,617
2866,264,378
2867,264,127
2868,264,520
2869,264,258
2870,264,618
2871,264,128
2872,264,374
2873,264,684
2874,264,643
2875,264,544
2876,264,687
2877,264,324
2878,265,2
2879,265,204
2880,265,25
2881,265,155
2882,265,577
2883,265,100
2884,265,28
2885,265,361
2886,265,384
2887,265,312
2888,265,43
2889,265,263
2890,265,34
2891,265,627
2892,266,110
2893,266,490
2894,267,26
2895,267,535
2896,267,235
2897,267,409
2898,267,497
2899,267,607
2900,267,112
2901,267,404
2902,267,617
2903,267,430
2904,267,534
2905,267,244
2906,267,572
2907,267,525
2908,267,353
2909,267,312
2910,267,143
2911,267,431
2912,267,302
2913,268,555
2914,268,326
2915,268,563
2916,268,246
2917,268,313
2918,268,444
2919,268,456
2920,268,24
2921,268,154
2922,269,522
2923,269,536
2924,269,538
2925,269,688
2926,270,156
2927,270,1
2928,270,48
2929,270,255
2930,270,178
2931,270,253
2932,270,95
2933,270,232
2934,270,557
2935,270,29
2936,270,152
2937,270,513
2938,270,518
2939,270,426
2940,270,431
2941,270,295
2942,270,655
2943,270,71
2944,270,412
2945,270,17
2946,271,317
2947,271,169
2948,271,19
2949,271,304
2950,271,692
2951,272,582
2952,272,670
2953,272,528
2954,272,697
2955,272,55
2956,272,156
2957,273,62
2958,273,59
2959,273,376
2960,273,296
2961,273,615
2962,273,699
2963,273,97
2964,273,535
2965,273,232
2966,273,675
2967,273,384
2968,273,666
2969,273,165
2970,273,451
2971,273,379
2972,273,409
2973,273,607
2974,273,39
2975,273,610
2976,273,374
2977,274,398
2978,274,443
2979,275,5
2980,275,620
2981,275,602
2982,275,229
2983,275,80
2984,275,504
2985,275,438
2986,275,309
2987,275,555
2988,275,182
2989,275,685
2990,275,336
2991,275,320
2992,275,636
2993,275,132
2994,275,384
2995,275,249
2996,275,653
2997,275,625
2998,276,47
2999,276,525
3000,276,552
3001,276,299
3002,276,135
3003,276,40
3004,276,401
3005,276,599
3006,276,297
3007,276,573
3008,276,645
3009,276,692
3010,276,262
3011,276,224
3012,276,211
3013,276,652
3014,276,143
3015,277,440
3016,278,214
3017,278,503
3018,278,569
3019,278,491
3020,278,465
3021,278,641
3022,278,249
3023,278,336
3024,278,333
3025,279,615
3026,279,210
3027,279,445
3028,279,415
3029,279,65
3030,279,208
3031,279,144
3032,279,642
3033,279,527
3034,279,117
3035,279,327
3036,279,194
3037,279,646
3038,279,227
3039,279,70
3040,279,569
3041,280,86
3042,280,445
3043,280,589
3044,280,698
3045,280,285
3046,280,63
3047,280,448
3048,280,477
3049,280,669
3050,280,172
3051,280,691
3052,280,69
3053,280,599
3054,281,501
3055,281,75
3056,281,13
3057,281,366
3058,281,199
3059,281,661
3060,281,493
3061,281,359
3062,281,54
3063,281,332
3064,281,686
3065,281,127
3066,281,469
3067,281,72
3068,281,431
3069,281,354
3070,281,420
3071,281,195
3072,282,145
3073,282,627
3074,282,8
3075,282,695
3076,282,504
3077,282,247
3078,282,340
3079,282,578
3080,282,687
3081,282,68
3082,283,321
3083,283,183
3084,283,126
3085,283,467
3086,283,319
3087,283,563
3088,283,677
3089,283,181
3090,283,129
3091,284,135
3092,284,406
3093,284,657
3094,284,647
3095,284,519
3096,284,79
3097,285,648
3098,285,674
3099,285,167
3100,285,235
3101,285,282
3102,285,495
3103,285,559
3104,285,629
3105,285,42
3106,285,358
3107,285,692
3108,285,30
3109,285,580
3110,285,277
3111,285,446
3112,285,413
3113,285,156
3114,285,590
3115,285,532
3116,286,414
3117,286,44
3118,286,124
3119,287,626
3120,287,215
3121,287,403
3122,287,199
3123,287,559
3124,287,374
3125,287,670
3126,287,169
3127,287,623
3128,287,430
3129,288,474
3130,288,317
3131,288,23
3132,289,622
3133,289,77
3134,289,505
3135,289,367
3136,289,88
3137,289,5
3138,289,556
3139,289,203
3140,289,491
3141,289,10
3142,289,171
3143,290,161
3144,290,551
3145,290,187
3146,290,99
3147,290,618
3148,290,344
3149,290,41
3150,290,490
3151,290,144
3152,290,274
3153,290,311
3154,290,422
3155,290,636
3156,290,333
3157,290,113
3158,290,450
3159,290,570
3160,290,637
3161,291,164
3162,291,62
3163,291,17
3164,291,244
3165,291,124
3166,291,303
3167,291,494
3168,291,82
3169,291,491
3170,291,284
3171,291,4
3172,291,687
3173,291,61
3174,291,349
3175,291,342
3176,291,437
3177,292,300
3178,292,328
3179,292,116
3180,292,570
3181,292,73
3182,292,589
3183,292,543
3184,292,88
3185,292,334
3186,293,443
3187,293,323
3188,293,15
3189,293,433
3190,293,498
3191,293,210
3192,293,671
3193,293,420
3194,294,275
3195,294,374
3196,294,399
3197,294,30
3198,294,263
3199,294,673
3200,294,84
3201,294,348
3202,294,171
3203,294,403
3204,294,61
3205,294,578
3206,295,573
3207,295,375
3208,295,361
3209,295,587
3210,295,77
3211,295,194
3212,295,497
3213,296,232
3214,296,56
3215,296,139
3216,296,196
3217,296,321
3218,297,44
3219,297,627
3220,297,7
3221,297,486
3222,297,688
3223,297,57
3224,297,638
3225,297,164
3226,297,672
3227,297,414
3228,297,635
3229,297,270
3230,298,359
3231,298,600
3232,298,313
3233,298,533
3234,298,48
3235,298,7
3236,298,394
3237,298,448
3238,298,621
3239,298,420
3240,298,243
3241,298,433
3242,298,113
3243,298,13
3244,298,267
3245,299,688
3246,299,390
3247,299,460
3248,299,649
3249,299,57
3250,299,108
3251,299,203
3252,299,552
3253,299,328
3254,299,527
3255,299,232
3256,300,2
3257,300,448
3258,300,232
3259,300,504
3260,300,629
3261,300,290
3262,300,538
3263,300,424
3264,300,388
3265,300,4
3266,301,677
3267,301,172
3268,301,692
3269,301,416
3270,301,446
3271,301,644
3272,301,409
3273,301,181
3274,301,241
3275,301,541
3276,301,318
3277,301,459
3278,301,217
3279,301,478
3280,301,637
3281,301,557
3282,301,43
3283,301,325
3284,302,301
3285,302,329
3286,302,377
3287,302,504
3288,302,45
3289,302,604
3290,302,102
3291,302,35
3292,302,237
3293,302,412
3294,303,262
3295,303,154
3296,304,263
3297,304,463
3298,304,208
3299,304,658
3300,304,286
3301,304,503
3302,304,54
3303,304,374
3304,305,640
3305,306,108
3306,306,248
3307,306,378
3308,306,163
3309,306,10
3310,307,566
3311,307,615
3312,307,673
3313,307,438
3314,307,577
3315,307,383
3316,308,669
3317,308,471
3318,308,209
3319,308,652
3320,308,306
3321,308,565
3322,308,449
3323,308,515
3324,308,399
3325,308,526
3326,308,694
3327,308,305
3328,308,335
3329,308,507
3330,308,581
3331,308,481
3332,309,428
3333,309,93
3334,309,434
3335,309,501
3336,309,221
3337,309,4
3338,309,464
3339,309,212
3340,309,375
3341,309,246
3342,309,68
3343,309,292
3344,309,53
3345,309,697
3346,309,366
3347,309,52
3348,309,663
3349,309,344
3350,310,591
3351,310,134
3352,311,108
3353,311,1
3354,311,38
3355,311,19
3356,311,74
3357,311,379
3358,311,263
3359,311,605
3360,311,461
3361,311,229
3362,312,576
3363,312,557
3364,312,409
3365,312,683
3366,312,101
3367,312,312
3368,313,121
3369,313,332
3370,313,609
3371,313,133
3372,313,241
3373,313,695
3374,313,465
3375,313,364
3376,313,370
3377,313,522
3378,313,598
3379,313,400
3380,313,335
3381,313,294
3382,313,536
3383,313,591
3384,313,246
3385,314,265
3386,314,128
3387,314,304
3388,314,310
3389,314,658
3390,314,256
3391,314,146
3392,314,548
3393,314,106
3394,314,538
3395,314,373
3396,315,135
3397,315,609
3398,315,666
3399,315,123
3400,315,240
3401,315,575
3402,315,357
3403,315,689
3404,315,322
3405,315,31
3406,315,451
3407,315,366
3408,315,143
3409,315,672
3410,315,497
3411,315,433
3412,316,288
3413,316,56
3414,316,145
3415,316,43
3416,316,22
3417,316,398
3418,316,135
3419,316,459
3420,316,660
3421,316,566
3422,316,253
3423,316,64
3424,316,431
3425,316,137
3426,316,610
3427,317,299
3428,317,256
3429,317,681
3430,317,78
3431,317,605
3432,317,195
3433,317,492
3434,318,587
3435,318,511
3436,319,254
3437,319,88
3438,319,308
3439,319,665
3440,319,412
3441,319,365
3442,319,682
3443,319,333
3444,320,595
3445,321,333
3446,321,499
3447,321,522
3448,321,382
3449,321,3
3450,321,134
3451,321,292
3452,321,265
3453,321,549
3454,321,80
3455,321,280
3456,321,431
3457,321,150
3458,321,63
3459,321,344
3460,321,75
3461,322,568
3462,322,142
3463,322,89
3464,322,529
3465,322,218
3466,322,513
3467,322,135
3468,322,150
3469,322,275
3470,322,426
3471,322,198
3472,322,256
3473,322,665
3474,322,651
3475,322,170
3476,322,43
3477,323,254
3478,323,658
3479,323,546
3480,323,62
3481,323,238
3482,323,72
3483,323,187
3484,323,453
3485,323,40
3486,323,527
3487,323,316
3488,323,147
3489,323,621
3490,323,414
3491,323,151
3492,323,679
3493,323,399
3494,323,585
3495,323,648
3496,324,225
3497,324,618
3498,324,42
3499,324,156
3500,324,412
3501,324,535
3502,324,85
3503,324,586
3504,324,10
3505,324,561
3506,324,41
3507,324,426
3508,324,369
3509,324,226
3510,324,224
3511,324,215
3512,324,517
3513,325,250
3514,325,239
3515,325,488
3516,325,424
3517,325,669
3518,325,141
3519,325,386
3520,325,331
3521,325,634
3522,325,65
3523,325,284
3524,325,140
3525,325,507
3526,325,396
3527,325,61
3528,325,376
3529,325,633
3530,326,578
3531,326,328
3532,326,143
3533,327,482
3534,327,171
3535,327,237
3536,327,626
3537,327,384
3538,327,161
3539,327,353
3540,327,100
3541,327,293
3542,327,432
3543,327,667
3544,327,207
3545,327,365
3546,327,438
3547,327,416
3548,327,148
3549,328,372
3550,328,116
3551,328,499
3552,328,523
3553,328,67
3554,328,98
3555,328,627
3556,328,265
3557,328,347
3558,328,229
3559,328,553
3560,328,536
3561,328,124
3562,328,349
3563,328,22
3564,328,231
3565,328,36
3566,329,512
3567,329,381
3568,329,630
3569,329,86
3570,329,532
3571,329,281
3572,329,65
3573,329,302
3574,329,664
3575,329,10
3576,329,195
3577,329,581
3578,330,516
3579,330,97
3580,330,651
3581,330,648
3582,330,500
3583,330,627
3584,330,86
3585,330,633
3586,330,266
3587,330,593
3588,330,254
3589,331,533
3590,331,372
3591,331,526
3592,331,4
3593,331,566
3594,331,74
3595,331,274
3596,331,176
3597,331,81
3598,331,390
3599,331,90
3600,331,400
3601,331,153
3602,331,22
3603,331,409
3604,331,60
3605,332,482
3606,332,240
3607,332,48
3608,332,271
3609,332,362
3610,332,692
3611,332,534
3612,332,87
3613,332,129
3614,332,407
3615,333,23
3616,333,555
3617,333,252
3618,333,316
3619,333,51
3620,333,42
3621,333,440
3622,333,186
3623,333,358
3624,333,491
3625,333,630
3626,333,108
3627,333,269
3628,333,132
3629,333,214
3630,334,556
3631,334,397
3632,334,77
3633,334,38
3634,334,273
3635,335,441
3636,336,154
3637,336,60
3638,337,287
3639,337,404
3640,337,180
3641,337,597
3642,337,591
3643,337,644
3644,338,424
3645,338,276
3646,338,111
3647,338,125
3648,338,446
3649,338,560
3650,338,147
3651,338,185
3652,338,537
3653,339,478
3654,339,73
3655,339,137
3656,339,688
3657,339,52
3658,340,629
3659,340,306
3660,340,54
3661,340,465
3662,340,118
3663,340,83
3664,340,338
3665,340,187
3666,340,340
3667,340,510
3668,340,304
3669,341,77
3670,342,513
3671,342,664
3672,342,92
3673,342,478
3674,342,77
3675,342,136
3676,342,528
3677,342,683
3678,342,234
3679,342,190
3680,342,321
3681,342,670
3682,342,540
3683,342,443
3684,342,334
3685,342,120
3686,342,193
3687,342,524
3688,343,445
3689,343,307
3690,343,389
3691,343,317
3692,343,608
3693,343,71
3694,343,93
3695,343,435
3696,343,554
3697,343,155
3698,344,75
3699,344,247
3700,344,390
3701,344,244
3702,344,586
3703,344,371
3704,344,603
3705,344,30
3706,344,383
3707,344,347
3708,344,601
3709,344,147
3710,344,483
3711,345,171
3712,345,205
3713,345,254
3714,345,434
3715,345,244
3716,345,658
3717,345,292
3718,345,4
3719,345,271
3720,345,274
3721,345,437
3722,345,509
3723,345,674
3724,345,290
3725,345,2
3726,345,301
3727,345,573
3728,345,466
3729,345,48
3730,346,314
3731,346,569
3732,346,557
3733,346,684
3734,346,356
3735,346,245
3736,346,118
3737,346,281
3738,346,553
3739,346,7
3740,346,81
3741,346,110
3742,347,651
3743,347,519
3744,347,93
3745,347,563
3746,347,289
3747,348,326
3748,348,329
3749,348,407
3750,348,599
3751,348,365
3752,348,464
3753,348,617
3754,348,597
3755,348,240
3756,348,538
3757,348,626
3758,348,99
3759,348,139
3760,348,620
3761,348,113
3762,348,422
3763,348,653
3764,348,674
3765,349,487
3766,349,5
3767,349,217
3768,349,208
3769,349,14
3770,349,635
3771,349,251
3772,349,472
3773,349,199
3774,349,310
3775,349,499
3776,349,640
3777,349,196
3778,349,337
3779,349,76
3780,349,280
3781,349,390
3782,349,66
3783,349,572
3784,350,158
3785,350,351
3786,350,542
3787,351,413
3788,351,565
3789,351,473
3790,351,693
3791,351,156
3792,351,298
3793,351,440
3794,351,384
3795,351,300
3796,351,462
3797,351,467
3798,351,392
3799,351,358
3800,351,647
3801,351,593
3802,351,360
3803,351,355
3804,352,162
3805,352,562
3806,352,473
3807,352,118
3808,352,50
3809,352,459
3810,352,533
3811,352,2
3812,352,183
3813,352,354
3814,352,18
3815,352,525
3816,353,7
3817,353,459
3818,353,172
3819,353,401
3820,353,285
3821,353,594
3822,353,113
3823,353,601
3824,353,59
3825,353,669
3826,353,495
3827,353,86
3828,353,157
3829,353,96
3830,353,670
3831,353,55
3832,353,228
3833,354,7
3834,354,21
3835,354,486
3836,354,39
3837,354,272
3838,354,504
3839,354,360
3840,354,373
3841,354,108
3842,354,580
3843,354,162
3844,354,51
3845,355,6
3846,355,498
3847,355,274
3848,355,646
3849,355,683
3850,356,38
3851,356,389
3852,356,65
3853,356,201
3854,356,286
3855,356,119
3856,356,546
3857,356,421
3858,356,423
3859,357,254
3860,357,251
3861,357,489
3862,357,679
3863,357,308
3864,357,487
3865,357,310
3866,357,212
3867,357,509
3868,357,427
3869,357,35
3870,357,34
3871,357,304
3872,357,75
3873,358,159
3874,358,513
3875,358,42
3876,358,109
3877,358,689
3878,358,377
3879,358,288
3880,358,195
3881,358,226
3882,358,480
3883,358,485
3884,358,564
3885,358,345
3886,358,436
3887,358,151
3888,358,471
3889,358,465
3890,358,277
3891,358,620
3892,359,293
3893,359,432
3894,359,596
3895,359,231
3896,359,356
3897,359,113
3898,359,667
3899,359,144
3900,359,646
3901,359,390
3902,359,641
3903,359,673
3904,359,577
3905,359,160
3906,360,253
3907,360,303
3908,360,69
3909,361,621
3910,361,381
3911,361,223
3912,361,226
3913,361,136
3914,362,253
3915,362,530
3916,362,607
3917,362,485
3918,362,377
3919,362,566
3920,362,246
3921,362,649
3922,362,634
3923,362,221
3924,362,351
3925,362,693
3926,362,578
3927,362,194
3928,362,326
3929,362,300
3930,362,203
3931,363,374
3932,363,477
3933,363,331
3934,363,290
3935,363,557
3936,363,341
3937,363,421
3938,363,253
3939,363,55
3940,364,608
3941,364,253
3942,364,421
3943,364,680
3944,364,15
3945,364,630
3946,365,28
3947,365,509
3948,365,692
3949,365,226
3950,365,23
3951,365,517
3952,365,628
3953,365,467
3954,365,204
3955,365,578
3956,365,82
3957,365,111
3958,365,87
3959,365,190
3960,365,80
3961,365,52
3962,365,7
3963,365,278
3964,365,26
3965,365,659
3966,366,243
3967,366,483
3968,366,405
3969,366,511
3970,366,84
3971,366,685
3972,367,290
3973,367,12
3974,367,155
3975,367,357
3976,368,106
3977,368,23
3978,368,387
3979,368,210
3980,368,290
3981,368,496
3982,368,22
3983,368,164
3984,368,412
3985,368,32
3986,369,341
3987,369,31
3988,369,97
3989,369,645
3990,369,246
3991,369,77
3992,369,399
3993,369,300
3994,369,643
3995,370,306
3996,370,254
3997,370,92
3998,370,358
3999,370,241
4000,370,557
4001,370,677
4002,370,598
4003,371,312
4004,371,656
4005,371,289
4006,371,247
4007,371,7
4008,371,87
4009,372,206
4010,372,620
4011,372,56
4012,372,71
4013,372,600
4014,372,346
4015,372,66
4016,372,247
4017,373,129
4018,373,39
4019,373,514
4020,373,87
4021,373,106
4022,374,636
4023,374,687
4024,374,215
4025,374,455
4026,374,501
4027,374,134
4028,374,485
4029,374,442
4030,374,78
4031,374,299
4032,374,419
4033,374,513
4034,374,150
4035,374,268
4036,374,210
4037,374,129
4038,374,406
4039,375,91
4040,375,333
4041,376,191
4042,376,432
4043,376,292
4044,376,515
4045,376,556
4046,376,344
4047,376,542
4048,376,359
4049,376,353
4050,376,9
4051,376,595
4052,376,427
4053,376,236
4054,376,431
4055,376,280
4056,376,439
4057,377,240
4058,377,286
4059,377,327
4060,377,295
4061,377,213
4062,377,35
4063,378,609
4064,378,153
4065,378,286
4066,378,626
4067,378,179
4068,378,20
4069,378,49
4070,378,265
4071,378,303
4072,379,339
4073,379,280
4074,379,669
4075,379,385
4076,379,546
4077,379,275
4078,379,371
4079,379,247
4080,379,227
4081,379,573
4082,379,616
4083,379,17
4084,379,557
4085,379,60
4086,379,228
4087,379,30
4088,379,83
4089,379,185
4090,379,289
4091,379,366
4092,380,654
4093,380,419
4094,380,299
4095,380,647
4096,380,364
4097,380,524
4098,380,545
4099,380,133
4100,380,92
4101,380,261
4102,380,496
4103,380,211
4104,380,586
4105,380,506
4106,380,294
4107,381,241
4108,381,681
4109,381,146
4110,381,442
4111,381,621
4112,381,171
4113,381,306
4114,382,369
4115,382,593
4116,382,36
4117,382,433
4118,382,362
4119,382,135
4120,382,421
4121,382,327
4122,382,537
4123,382,555
4124,382,509
4125,382,581
4126,382,668
4127,382,653
4128,382,78
4129,382,50
4130,382,82
4131,383,602
4132,383,538
4133,383,458
4134,383,19
4135,383,48
4136,383,646
4137,383,522
4138,383,38
4139,383,425
4140,383,491
4141,383,143
4142,383,221
4143,383,182
4144,383,270
4145,383,62
4146,383,21
4147,384,121
4148,384,21
4149,384,234
4150,384,440
4151,384,129
4152,384,640
4153,384,173
4154,384,356
4155,384,439
4156,384,267
4157,384,681
4158,384,212
4159,385,437
4160,385,653
4161,385,402
4162,385,172
4163,385,224
4164,385,160
4165,385,96
4166,385,429
4167,385,632
4168,386,359
4169,387,506
4170,387,85
4171,387,657
4172,387,513
4173,387,569
4174,387,638
4175,387,498
4176,387,163
4177,387,17
4178,387,140
4179,387,177
4180,387,160
4181,387,415
4182,387,446
4183,387,573
4184,387,489
4185,387,563
4186,387,4
4187,388,285
4188,388,540
4189,388,306
4190,388,687
4191,388,458
4192,388,653
4193,388,470
4194,388,428
4195,388,224
4196,388,640
4197,388,492
4198,388,497
4199,388,58
4200,388,511
4201,388,313
4202,389,403
4203,389,8
4204,389,491
4205,389,563
4206,389,145
4207,389,116
4208,389,225
4209,389,62
4210,389,697
4211,389,201
4212,389,469
4213,389,324
4214,389,117
4215,389,498
4216,389,547
4217,389,241
4218,390,331
4219,390,488
4220,390,567
4221,390,502
4222,390,216
4223,390,206
4224,390,441
4225,390,541
4226,390,218
4227,390,537
4228,390,478
4229,390,695
4230,390,388
4231,390,390
4232,390,171
4233,390,223
4234,390,631
4235,390,23
4236,390,521
4237,390,569
4238,391,640
4239,391,381
4240,391,642
4241,391,465
4242,391,240
4243,391,658
4244,391,183
4245,391,110
4246,391,483
4247,391,130
4248,391,647
4249,391,592
4250,391,438
4251,391,593
4252,391,602
4253,392,263
4254,392,416
4255,393,597
4256,393,573
4257,393,322
4258,393,294
4259,393,606
4260,393,492
4261,394,185
4262,394,333
4263,394,84
4264,395,63
4265,395,3
4266,395,623
4267,395,417
4268,395,618
4269,395,416
4270,395,631
4271,395,190
4272,395,377
4273,395,255
4274,395,628
4275,396,609
4276,397,55
4277,397,125
4278,397,671
4279,397,475
4280,397,420
4281,397,426
4282,397,666
4283,398,293
4284,398,137
4285,398,72
4286,398,434
4287,398,321
4288,398,294
4289,399,184
4290,399,644
4291,399,539
4292,399,139
4293,399,574
4294,399,275
4295,399,147
4296,399,281
4297,399,451
4298,399,298
4299,399,343
4300,399,299
4301,399,97
4302,399,689
4303,399,5
4304,400,563
4305,400,76
4306,400,24
4307,400,460
4308,400,306
4309,401,647
4310,401,222
4311,401,533
4312,401,557
4313,401,298
4314,401,158
4315,401,460
4316,401,631
4317,401,509
4318,401,104
4319,401,280
4320,401,476
4321,402,459
4322,402,77
4323,402,647
4324,402,598
4325,402,92
4326,402,594
4327,402,14
4328,402,71
4329,402,435
4330,402,97
4331,402,236
4332,402,394
4333,402,50
4334,402,188
4335,403,72
4336,403,223
4337,403,100
4338,403,303
4339,403,203
4340,403,565
4341,403,424
4342,403,431
4343,403,82
4344,403,243
4345,403,485
4346,403,484
4347,403,185
4348,403,42
4349,403,349
4350,403,11
4351,403,517
4352,403,305
4353,403,498
4354,404,265
4355,404,240
4356,404,300
4357,404,258
4358,404,171
4359,404,663
4360,404,316
4361,404,414
4362,404,386
4363,404,26
4364,404,27
4365,404,462
4366,404,192
4367,404,273
4368,405,210
4369,405,368
4370,405,284
4371,406,155
4372,406,102
4373,406,523
4374,406,8
4375,406,87
4376,406,619
4377,406,53
4378,406,135
4379,406,673
4380,406,303
4381,406,685
4382,406,405
4383,406,618
4384,406,436
4385,406,225
4386,406,437
4387,406,615
4388,406,473
4389,407,102
4390,407,39
4391,407,330
4392,407,106
4393,407,58
4394,407,295
4395,407,307
4396,407,117
4397,407,181
4398,407,256
4399,407,289
4400,407,249
4401,407,405
4402,407,699
4403,407,192
4404,407,583
4405,407,258
4406,408,485
4407,408,588
4408,408,622
4409,408,611
4410,408,442
4411,408,68
4412,408,289
4413,408,569
4414,409,514
4415,409,251
4416,409,524
4417,409,617
4418,409,429
4419,409,212
4420,409,449
4421,409,310
4422,410,567
4423,410,26
4424,410,697
4425,410,455
4426,410,438
4427,410,222
4428,410,606
4429,410,612
4430,410,344
4431,410,554
4432,411,676
4433,411,303
4434,411,602
4435,411,596
4436,411,656
4437,411,620
4438,411,152
4439,411,651
4440,411,17
4441,411,6
4442,411,528
4443,412,614
4444,412,598
4445,412,370
4446,413,517
4447,413,233
4448,413,125
4449,413,105
4450,413,388
4451,414,238
4452,414,281
4453,414,297
4454,414,6
4455,414,244
4456,414,496
4457,414,525
4458,414,266
4459,414,642
4460,414,292
4461,414,62
4462,414,8
4463,414,558
4464,415,381
4465,415,632
4466,415,658
4467,415,173
4468,415,617
4469,415,364
4470,415,248
4471,416,30
4472,416,237
4473,416,20
4474,416,346
4475,416,122
4476,416,347
4477,416,60
4478,416,337
4479,416,542
4480,416,292
4481,416,13
4482,416,52
4483,416,40
4484,416,575
4485,416,177
4486,416,93
4487,416,214
4488,416,558
4489,416,380
4490,417,583
4491,417,278
4492,417,595
4493,417,591
4494,417,519
4495,417,382
4496,417,31
4497,417,598
4498,417,49
4499,417,89
4500,417,112
4501,417,122
4502,417,620
4503,417,466
4504,417,585
4505,417,474
4506,418,140
4507,418,272
4508,418,176
4509,418,426
4510,418,653
4511,418,438
4512,418,552
4513,418,597
4514,418,151
4515,418,283
4516,418,35
4517,418,638
4518,418,267
4519,418,441
4520,418,284
4521,418,665
4522,418,123
4523,419,283
4524,419,462
4525,419,140
4526,419,680
4527,419,472
4528,419,241
4529,419,97
4530,419,150
4531,419,120
4532,419,206
4533,419,646
4534,420,542
4535,420,544
4536,420,261
4537,420,262
4538,420,327
4539,420,433
4540,420,179
4541,420,148
4542,420,644
4543,420,512
4544,420,104
4545,420,689
4546,420,245
4547,420,674
4548,420,671
4549,420,90
4550,421,502
4551,421,488
4552,421,54
4553,421,79
4554,421,466
4555,421,424
4556,421,621
4557,421,274
4558,421,288
4559,421,391
4560,421,259
4561,422,143
4562,422,447
4563,422,524
4564,422,228
4565,422,178
4566,422,558
4567,422,31
4568,422,172
4569,422,636
4570,422,24
4571,422,125
4572,422,543
4573,422,415
4574,422,435
4575,422,300
4576,423,440
4577,423,645
4578,423,319
4579,423,599
4580,423,405
4581,424,79
4582,424,177
4583,424,595
4584,424,528
4585,424,269
4586,424,504
4587,424,446
4588,425,135
4589,425,51
4590,425,670
4591,426,443
4592,427,516
4593,427,193
4594,427,121
4595,428,267
4596,428,545
4597,428,417
4598,428,322
4599,428,373
4600,428,315
4601,428,350
4602,428,9
4603,428,110
4604,428,624
4605,428,98
4606,428,556
4607,428,659
4608,428,484
4609,429,272
4610,429,145
4611,429,234
4612,429,8
4613,429,140
4614,429,352
4615,429,167
4616,429,35
4617,429,464
4618,429,180
4619,429,128
4620,429,4
4621,429,149
4622,429,600
4623,429,355
4624,430,187
4625,430,615
4626,431,5
4627,431,534
4628,431,387
4629,431,484
4630,431,14
4631,431,66
4632,432,508
4633,432,140
4634,432,352
4635,432,548
4636,432,191
4637,432,575
4638,432,660
4639,432,221
4640,432,458
4641,432,342
4642,432,137
4643,432,7
4644,433,195
4645,433,4
4646,433,6
4647,433,470
4648,433,693
4649,433,305
4650,433,188
4651,433,459
4652,433,12
4653,433,626
4654,433,307
4655,433,240
4656,433,640
4657,433,280
4658,433,34
4659,433,91
4660,434,458
4661,434,277
4662,435,367
4663,435,461
4664,435,151
4665,435,26
4666,436,167
4667,436,661
4668,436,499
4669,436,215
4670,436,229
4671,436,342
4672,436,234
4673,436,298
4674,436,223
4675,436,25
4676,436,370
4677,436,110
4678,436,18
4679,436,109
4680,436,481
4681,436,211
4682,437,44
4683,437,237
4684,437,569
4685,437,496
4686,437,57
4687,437,371
4688,437,351
4689,437,93
4690,438,596
4691,438,225
4692,438,216
4693,438,271
4694,438,410
4695,438,24
4696,438,119
4697,438,619
4698,438,464
4699,438,125
4700,438,336
4701,438,667
4702,438,420
4703,438,594
4704,438,457
4705,438,657
4706,438,444
4707,438,660
4708,438,607
4709,438,288
4710,439,445
4711,439,218
4712,439,587
4713,439,647
4714,439,606
4715,439,365
4716,439,91
4717,439,432
4718,439,165
4719,439,349
4720,439,400
4721,439,6
4722,439,84
4723,440,194
4724,440,304
4725,440,47
4726,441,417
4727,441,621
4728,441,529
4729,441,210
4730,441,306
4731,441,179
4732,441,139
4733,441,173
4734,441,107
4735,441,584
4736,441,411
4737,441,116
4738,441,628
4739,442,141
4740,442,362
4741,442,501
4742,442,314
4743,442,243
4744,442,449
4745,442,670
4746,442,467
4747,442,209
4748,442,317
4749,442,21
4750,442,361
4751,442,174
4752,442,308
4753,442,573
4754,442,351
4755,442,324
4756,442,437
4757,443,206
4758,443,419
4759,443,610
4760,443,347
4761,443,600
4762,443,166
4763,443,29
4764,443,667
4765,443,303
4766,444,284
4767,444,436
4768,444,468
4769,444,134
4770,445,423
4771,445,84
4772,445,384
4773,445,633
4774,445,314
4775,445,256
4776,445,80
4777,445,171
4778,445,106
4779,445,501
4780,445,245
4781,446,458
4782,447,428
4783,447,263
4784,447,24
4785,447,605
4786,447,599
4787,447,37
4788,447,310
4789,447,20
4790,447,458
4791,447,279
4792,447,623
4793,447,220
4794,447,43
4795,447,562
4796,447,575
4797,447,641
4798,447,618
4799,447,164
4800,447,552
4801,448,582
4802,448,309
4803,448,442
4804,448,688
4805,448,665
4806,448,557
4807,448,114
4808,448,176
4809,448,178
4810,448,559
4811,448,15
4812,448,536
4813,448,616
4814,448,479
4815,448,398
4816,448,165
4817,448,29
4818,448,60
4819,448,223
4820,449,361
4821,449,188
4822,449,192
4823,449,496
4824,450,1
4825,450,302
4826,450,496
4827,450,390
4828,450,539
4829,450,439
4830,450,194
4831,450,187
4832,451,639
4833,451,462
4834,451,541
4835,451,303
4836,451,23
4837,451,70
4838,451,341
4839,451,152
4840,451,242
4841,451,410
4842,451,697
4843,451,267
4844,451,624
4845,451,568
4846,451,434
4847,451,527
4848,451,633
4849,451,308
4850,451,260
4851,452,75
4852,452,600
4853,452,13
4854,452,291
4855,452,488
4856,452,232
4857,452,64
4858,452,136
4859,452,658
4860,452,237
4861,452,470
4862,452,461
4863,452,655
4864,453,684
4865,453,519
4866,453,37
4867,454,427
4868,454,32
4869,455,368
4870,455,369
4871,455,649
4872,455,667
4873,455,33
4874,455,377
4875,455,242
4876,455,224
4877,455,607
4878,455,669
4879,455,375
4880,455,415
4881,455,80
4882,455,263
4883,456,404
4884,456,555
4885,456,88
4886,456,627
4887,456,347
4888,456,552
4889,456,400
4890,456,407
4891,457,75
4892,457,623
4893,457,67
4894,457,246
4895,458,368
4896,458,192
4897,458,396
4898,458,221
4899,458,432
4900,458,95
4901,458,359
4902,458,375
4903,458,699
4904,458,248
4905,458,63
4906,458,612
4907,458,237
4908,458,27
4909,458,402
4910,458,37
4911,458,275
4912,458,418
4913,459,336
4914,459,203
4915,459,143
4916,459,379
4917,459,584
4918,459,13
4919,459,130
4920,459,546
4921,459,573
4922,459,8
4923,459,255
4924,459,517
4925,459,412
4926,459,289
4927,459,368
4928,459,83
4929,460,578
4930,460,9
4931,460,387
4932,460,698
4933,460,685
4934,460,495
4935,460,186
4936,460,687
4937,460,277
4938,460,118
4939,460,174
4940,460,7
4941,460,311
4942,460,111
4943,460,308
4944,460,321
4945,461,23
4946,461,281
4947,461,608
4948,461,685
4949,461,381
4950,461,86
4951,461,240
4952,461,343
4953,461,122
4954,461,432
4955,461,551
4956,461,339
4957,461,483
4958,461,290
4959,461,95
4960,461,688
4961,462,18
4962,462,225
4963,462,326
4964,463,128
4965,463,113
4966,463,641
4967,463,467
4968,463,199
4969,463,670
4970,463,680
4971,463,84
4972,463,426
4973,463,314
4974,463,648
4975,463,421
4976,463,359
4977,463,416
4978,463,110
4979,463,606
4980,463,152
4981,463,673
4982,463,566
4983,464,417
4984,464,473
4985,464,70
4986,464,587
4987,464,202
4988,464,693
4989,464,211
4990,464,583
4991,464,103
4992,464,9
4993,464,219
4994,464,273
4995,464,632
4996,464,67
4997,464,521
4998,464,158
4999,465,157
5000,465,168
5001,465,24
5002,465,44
5003,466,154
5004,466,649
5005,466,288
5006,466,289
5007,466,412
5008,466,189
5009,466,176
5010,466,401
5011,466,531
5012,466,552
5013,466,217
5014,466,494
5015,466,586
5016,466,237
5017,467,234
5018,467,366
5019,467,204
5020,467,363
5021,467,459
5022,467,247
5023,467,316
5024,467,288
5025,467,494
5026,467,667
5027,467,621
5028,467,480
5029,467,548
5030,467,380
5031,467,355
5032,467,310
5033,468,521
5034,468,573
5035,468,295
5036,468,280
5037,468,379
5038,468,400
5039,468,378
5040,468,340
5041,468,399
5042,468,307
5043,468,569
5044,468,585
5045,468,87
5046,468,353
5047,468,470
5048,468,624
5049,468,303
5050,468,287
5051,468,606
5052,468,461
5053,469,585
5054,469,382
5055,469,526
5056,469,649
5057,469,413
5058,469,251
5059,469,169
5060,469,505
5061,469,120
5062,469,683
5063,469,632
5064,470,139
5065,470,114
5066,470,228
5067,470,206
5068,470,572
5069,470,52
5070,470,26
5071,470,223
5072,470,256
5073,470,592
5074,470,360
5075,470,227
5076,470,423
5077,470,76
5078,470,175
5079,470,108
5080,470,399
